audio_id,entry_id,audio_type,language,speaker_name,gender,age_range,accent_region,duration_ms,storage_path,status,qc_note,uploaded_by,created_at
de8b26dd-b466-4271-b99e-88745be6d379,538a32ff-870d-4295-87af-5e61c508fdfe,word,mina,,,,,,mina/word/538a32ff-870d-4295-87af-5e61c508fdfe.webm,uploaded,,Fouss,2026-01-22T13:24:52.490652+00:00
af44d4e7-fff8-4e95-82bf-abc32a45dc9a,2cf9ddc0-1b6c-4cd2-814d-9adfb9188875,word,mina,,,,,,mina/word/2cf9ddc0-1b6c-4cd2-814d-9adfb9188875.webm,uploaded,,Victor  ANATO,2026-01-22T14:18:01.998212+00:00
4dc70aa4-a2fd-4a39-82d2-f6c7d16f4724,1083a557-cd05-43bc-aabd-76dd120cc6d0,word,bambara,,,,,,bambara/word/1083a557-cd05-43bc-aabd-76dd120cc6d0.webm,uploaded,,Kadissetou,2026-01-22T14:22:31.870098+00:00
c3cb295d-c288-4b6c-8dc2-6432830b53a3,6bac2c93-3d11-4d86-9a99-9bf9cb44c317,word,mina,,,,,,mina/word/6bac2c93-3d11-4d86-9a99-9bf9cb44c317.webm,uploaded,,Fouss 12,2026-01-22T15:15:56.156353+00:00
644a590f-e6b8-4a91-ad7a-27de896c997a,165e1982-24b0-4a07-a909-bb45fce94ee6,word,mina,,,,,,mina/word/165e1982-24b0-4a07-a909-bb45fce94ee6.webm,uploaded,,Victor ANATO,2026-01-22T15:23:20.120628+00:00
ef5963e1-d969-4007-896a-f09c1382960e,53c3aeee-e6fc-4dc1-ad43-59e545c41592,word,mina,,,,,,mina/word/53c3aeee-e6fc-4dc1-ad43-59e545c41592.webm,uploaded,,Victor ANATO,2026-01-22T15:33:18.258591+00:00
a3e1704f-545e-4b39-aeac-763ca81a0564,5bf3f845-299e-41fe-8375-ede49e6580dd,word,mina,,,,,,mina/word/5bf3f845-299e-41fe-8375-ede49e6580dd.webm,uploaded,,Victor ANATO,2026-01-22T15:35:38.85423+00:00
4430becc-0de1-4a2c-aa2c-7fc51e9235a7,0df4007c-542e-46dc-b47e-95677786d327,word,mina,,,,,,mina/word/0df4007c-542e-46dc-b47e-95677786d327.webm,uploaded,,Victor ANATO,2026-01-22T15:52:27.028285+00:00
9f5afeea-6576-420b-bb5c-a9b128c72b0d,2a2a17b2-38f4-4dbd-89b9-2f11da9a4de3,word,mina,,,,,,mina/word/2a2a17b2-38f4-4dbd-89b9-2f11da9a4de3.webm,uploaded,,Victor ANATO,2026-01-22T15:54:10.665783+00:00
43860065-e409-4b87-80b2-7209af45d456,854cd4c2-e34e-4650-9fda-cdd085bbcb4a,word,mina,,,,,,mina/word/854cd4c2-e34e-4650-9fda-cdd085bbcb4a.webm,uploaded,,Victor ANATO,2026-01-22T15:55:19.635213+00:00
08056380-eb28-4fb4-ade4-f55f225a3934,e59081ae-d845-4d1a-86b5-2a06d19bbb34,word,mina,,,,,,mina/word/e59081ae-d845-4d1a-86b5-2a06d19bbb34.webm,uploaded,,Victor ANATO,2026-01-22T15:57:06.055481+00:00
5b8fd291-050c-4e3b-9546-e3032d4c49ff,144c1c97-47f7-4698-be88-2b9672db9cfd,word,mina,,,,,,mina/word/144c1c97-47f7-4698-be88-2b9672db9cfd.webm,uploaded,,Victor ANATO,2026-01-22T15:58:51.387041+00:00
791576ab-54b0-47ea-9c96-ad9f7be94ab5,5274c00d-8b39-485a-8011-c78d3d105c83,word,mina,,,,,,mina/word/5274c00d-8b39-485a-8011-c78d3d105c83.webm,uploaded,,Victor ANATO,2026-01-22T16:00:51.591631+00:00
7e1dc10d-1e52-4e37-9f20-938c4653b747,1bc3f8ae-0c4f-419e-803b-6cabd11ceed7,word,mina,,,,,,mina/word/1bc3f8ae-0c4f-419e-803b-6cabd11ceed7.webm,uploaded,,Victor ANATO,2026-01-22T16:03:45.05004+00:00
07722fdf-bffd-4afa-b4c6-30c9014248e4,5efa1faa-e92d-44d3-a992-cb1a8a9c749f,word,mina,,,,,,mina/word/5efa1faa-e92d-44d3-a992-cb1a8a9c749f.webm,uploaded,,Victor ANATO,2026-01-22T16:05:34.015499+00:00
d0d3f52e-f5fb-44c9-9959-f4c20cf44314,a442db44-bc82-4af5-afc9-2eee0d563c1d,word,mina,,,,,,mina/word/a442db44-bc82-4af5-afc9-2eee0d563c1d.webm,uploaded,,Victor ANATO,2026-01-22T17:02:04.107057+00:00
26a90ab7-3378-4b47-8c68-cff6f5b275e8,ca34a238-0196-4bd1-a82d-1417bedae7c9,word,mina,,,,,,mina/word/ca34a238-0196-4bd1-a82d-1417bedae7c9.webm,uploaded,,Victor ANATO,2026-01-22T17:03:26.051352+00:00
19c34fa3-0339-4e83-8543-5c0b5496ce90,e94965c2-38ec-44be-97a7-e6750af08fd1,word,mina,,,,,,mina/word/e94965c2-38ec-44be-97a7-e6750af08fd1.webm,uploaded,,Victor ANATO,2026-01-22T17:05:07.359995+00:00
68bf80cc-e23a-4e3d-813a-3382008067b9,f32ddb47-8590-4635-b34d-eba816006584,word,mina,,,,,,mina/word/f32ddb47-8590-4635-b34d-eba816006584.webm,uploaded,,Victor ANATO,2026-01-22T17:07:38.848004+00:00
5021110a-f86a-4b0c-a991-bd298e67258c,cb127d91-5d5f-4d98-97d6-f210a088b2ca,word,mina,,,,,,mina/word/cb127d91-5d5f-4d98-97d6-f210a088b2ca.webm,uploaded,,Victor ANATO,2026-01-22T17:10:21.918351+00:00
b78b23b6-9b84-4d6a-8af3-c721c948f491,d587163d-24d9-43c4-bc2d-9e8a79ab6aba,word,mina,,,,,,mina/word/d587163d-24d9-43c4-bc2d-9e8a79ab6aba.webm,uploaded,,Victor ANATO,2026-01-22T17:12:54.429877+00:00
69889fe8-13ea-4bd7-b7d9-9b3224af513c,ab3c2e25-e3c4-47de-9029-a8fedd55f19e,word,mina,,,,,,mina/word/ab3c2e25-e3c4-47de-9029-a8fedd55f19e.webm,uploaded,,Victor ANATO,2026-01-22T17:55:41.387188+00:00
0e49c469-ac9b-4107-bd53-3650fbe7b38a,389f2947-472d-450f-b819-d6d14f106eb8,word,mina,,,,,,mina/word/389f2947-472d-450f-b819-d6d14f106eb8.webm,uploaded,,Victor ANATO,2026-01-22T18:03:23.44769+00:00
667e44c0-bc6b-418e-9102-4244c521ca24,f3ab8100-4584-4df7-b8df-2471295ff2ae,word,mina,,,,,,mina/word/f3ab8100-4584-4df7-b8df-2471295ff2ae.webm,uploaded,,Victor ANATO,2026-01-22T18:06:11.844394+00:00
554c9bff-4a0f-46ab-add6-5fb66bf415cb,e5dc23a7-ceef-4cb4-a120-90053404cb2e,word,mina,,,,,,mina/word/e5dc23a7-ceef-4cb4-a120-90053404cb2e.webm,uploaded,,Victor ANATO,2026-01-22T18:11:25.394419+00:00
532476bd-3c9c-4128-a268-0f4bdcfd90a0,ed3e64d4-8610-4169-9e31-6ff8172395ac,word,mina,,,,,,mina/word/ed3e64d4-8610-4169-9e31-6ff8172395ac.webm,uploaded,,Victor ANATO,2026-01-22T18:14:37.774038+00:00
3fa0c1f9-816c-4a64-a6c1-f0a643567a53,280f9e0e-be73-4f20-b910-abc63fa3f780,word,mina,,,,,,mina/word/280f9e0e-be73-4f20-b910-abc63fa3f780.webm,uploaded,,Victor ANATO,2026-01-22T18:16:46.233632+00:00
2c37828c-df2f-4257-8fef-e31e2b83107c,586660e3-93fc-4794-9ac3-fe20022254da,word,mina,,,,,,mina/word/586660e3-93fc-4794-9ac3-fe20022254da.webm,uploaded,,Victor ANATO,2026-01-22T18:25:47.767168+00:00
0f5ca212-bc92-4bd9-b4ac-d7caee3985b6,f1da300a-b7f4-4dc3-a9dc-f7870a9dda6c,word,mina,,,,,,mina/word/f1da300a-b7f4-4dc3-a9dc-f7870a9dda6c.webm,uploaded,,Victor ANATO,2026-01-22T18:28:14.564294+00:00
06953c18-aeb3-431e-84b6-45ed51749157,fda5b10c-a3fc-423e-b431-d7f7b9989781,word,mina,,,,,,mina/word/fda5b10c-a3fc-423e-b431-d7f7b9989781.webm,uploaded,,Victor ANATO,2026-01-22T18:31:24.214051+00:00
e5838bb7-125c-4485-9c28-111b2f5fba55,0fae188c-71e7-42e9-8b48-ba97c5ce2ce7,word,mina,,,,,,mina/word/0fae188c-71e7-42e9-8b48-ba97c5ce2ce7.webm,uploaded,,Victor ANATO,2026-01-22T18:33:15.328023+00:00
beef7def-0b7a-4d8a-8bf4-dff19ace463f,29790b0b-8ed3-4d10-97c8-5f1ad5c5f7cc,word,mina,,,,,,mina/word/29790b0b-8ed3-4d10-97c8-5f1ad5c5f7cc.webm,uploaded,,Victor ANATO,2026-01-22T18:36:29.799097+00:00
7a83a330-2f01-422c-a46c-3039073dec7b,4dd04067-a102-4d8d-8e5b-40b86ae4b86a,word,mina,,,,,,mina/word/4dd04067-a102-4d8d-8e5b-40b86ae4b86a.webm,uploaded,,Victor ANATO,2026-01-22T18:41:04.837159+00:00
ef711c65-1ecd-4157-ab7c-c7af311e3f0e,baaf825a-b2b0-497d-b0f7-70ad33a253aa,word,mina,,,,,,mina/word/baaf825a-b2b0-497d-b0f7-70ad33a253aa.webm,uploaded,,Victor ANATO,2026-01-22T23:21:17.474084+00:00
32dca9fd-d9f9-4197-a403-33b969a346c5,a6e94688-3c55-4c83-8dc0-723a9a8c0430,word,mina,,,,,,mina/word/a6e94688-3c55-4c83-8dc0-723a9a8c0430.webm,uploaded,,Victor ANATO,2026-01-22T23:24:51.235032+00:00
1d1d34b0-b028-498b-b3f1-ef18bb4d4699,802c63b3-7bfb-436d-be23-379573d414e1,word,mina,,,,,,mina/word/802c63b3-7bfb-436d-be23-379573d414e1.webm,uploaded,,Victor ANATO,2026-01-22T23:27:23.567348+00:00
c4996fc8-2758-4cfa-8d08-8ab8237fe124,9d3b1e46-2c58-45ec-bc0a-277a4654fd54,word,mina,,,,,,mina/word/9d3b1e46-2c58-45ec-bc0a-277a4654fd54.webm,uploaded,,Victor ANATO,2026-01-22T23:30:38.045284+00:00
d07736a1-bf09-4ca7-a718-4f498d2011eb,dc949c3a-e854-46df-a22e-cedc7e9c2629,word,mina,,,,,,mina/word/dc949c3a-e854-46df-a22e-cedc7e9c2629.webm,uploaded,,Victor ANATO,2026-01-22T23:34:20.742843+00:00
ab7c299a-42d1-4a43-a2d0-88b90bc00cf5,f6abc0fc-9015-4219-9b35-b62d85e3cf8b,word,mina,,,,,,mina/word/f6abc0fc-9015-4219-9b35-b62d85e3cf8b.webm,uploaded,,Victor ANATO,2026-01-22T23:36:38.817827+00:00
98081a12-144d-42cf-b416-58e145aa4682,8321919a-eeb2-4652-aa9b-873eaad0efd5,word,mina,,,,,,mina/word/8321919a-eeb2-4652-aa9b-873eaad0efd5.webm,uploaded,,Victor ANATO,2026-01-22T23:38:22.413882+00:00
f6174b66-612f-4f65-8d00-62d35f129c78,4d6ceaf2-0055-423d-9738-b9b49d2665ce,word,mina,,,,,,mina/word/4d6ceaf2-0055-423d-9738-b9b49d2665ce.webm,uploaded,,Victor ANATO,2026-01-22T23:40:46.412739+00:00
2bbcc544-5cf8-4776-8720-bda93792f040,796426d0-fa7a-41b4-a675-09ebef847dfa,word,mina,,,,,,mina/word/796426d0-fa7a-41b4-a675-09ebef847dfa.webm,uploaded,,Victor ANATO,2026-01-22T23:43:09.081297+00:00
24147c55-092c-4368-aa0e-7c3a9b82d5d3,7c911814-59f4-4bd9-968e-7329ef675e02,word,mina,,,,,,mina/word/7c911814-59f4-4bd9-968e-7329ef675e02.webm,uploaded,,Victor ANATO,2026-01-22T23:50:12.484011+00:00
a5882918-9e74-4bba-a3c3-d261a9ae78d4,99996ecb-e2cf-48c4-8602-3d9b02206feb,word,mina,,,,,,mina/word/99996ecb-e2cf-48c4-8602-3d9b02206feb.webm,uploaded,,Victor ANATO,2026-01-22T23:53:11.114203+00:00
c111dca4-f0bf-44fd-b48c-7173b9a63eb3,a5c95e0f-312b-45e5-bfa0-da843548d65a,word,mina,,,,,,mina/word/a5c95e0f-312b-45e5-bfa0-da843548d65a.webm,uploaded,,Victor ANATO,2026-01-22T23:54:52.192512+00:00
e3dd8f9d-fe9c-488a-818a-358135a25856,8c573619-7295-4974-9217-3a4e9cd13444,word,mina,,,,,,mina/word/8c573619-7295-4974-9217-3a4e9cd13444.webm,uploaded,,Victor ANATO,2026-01-22T23:58:31.290622+00:00
3b9dd0fd-2f3e-4c5e-9768-91a28139c8e2,02a80c57-6221-4217-9146-c8fd719251e0,word,mina,,,,,,mina/word/02a80c57-6221-4217-9146-c8fd719251e0.webm,uploaded,,Victor ANATO,2026-01-23T00:01:08.132791+00:00
008d10fa-ed42-4e5d-aff0-9d38e5538de2,6a149e5b-ab8d-454a-820f-011dc0a021b0,word,mina,,,,,,mina/word/6a149e5b-ab8d-454a-820f-011dc0a021b0.webm,uploaded,,Victor ANATO,2026-01-23T00:03:52.000175+00:00
55a5a987-a896-4cb5-81d8-ac4ac393d54d,d751c0a6-53cf-40e8-a356-f3ab8d348114,word,mina,,,,,,mina/word/d751c0a6-53cf-40e8-a356-f3ab8d348114.webm,uploaded,,Victor ANATO,2026-01-23T00:06:23.289379+00:00
637f11b9-c5a9-4773-832a-e6765268ef29,b908ac03-2568-4cf0-9b7b-8461f27bb652,word,mina,,,,,,mina/word/b908ac03-2568-4cf0-9b7b-8461f27bb652.webm,uploaded,,Victor ANATO,2026-01-23T00:08:17.080116+00:00
62fdf501-1cf6-4b8f-a43f-6317082ef0f4,c8fc19cc-18c1-487e-bc80-1266e92f60d7,word,mina,,,,,,mina/word/c8fc19cc-18c1-487e-bc80-1266e92f60d7.webm,uploaded,,Victor ANATO,2026-01-23T00:11:32.782911+00:00
05c763a6-d327-4c13-9475-85a2ad80722b,4115a4b4-4670-4ba3-b6ce-000d2b43d161,word,mina,,,,,,mina/word/4115a4b4-4670-4ba3-b6ce-000d2b43d161.webm,uploaded,,Victor ANATO,2026-01-23T00:13:36.079406+00:00
49b16035-5ff5-4d35-b87e-b68308005977,08c9112c-732c-4d39-886a-d2e19b648c3d,word,mina,,,,,,mina/word/08c9112c-732c-4d39-886a-d2e19b648c3d.webm,uploaded,,Victor ANATO,2026-01-23T00:14:54.135094+00:00
fba64ef3-6fbb-4d17-bcb7-713a8866f099,46e2e137-64b9-4846-9707-f173df747c63,word,mina,,,,,,mina/word/46e2e137-64b9-4846-9707-f173df747c63.webm,uploaded,,Victor ANATO,2026-01-23T00:18:34.758171+00:00
37fcd3e4-a55b-42eb-8508-3a69424982a5,5a585e14-9b95-47b9-9939-297674f82825,word,mina,,,,,,mina/word/5a585e14-9b95-47b9-9939-297674f82825.webm,uploaded,,Victor ANATO,2026-01-23T00:20:13.210687+00:00
f9ba6d73-a4c3-4954-9ea6-45d31902f569,570e0d74-0905-4781-be02-f0e87b15cf1d,word,mina,,,,,,mina/word/570e0d74-0905-4781-be02-f0e87b15cf1d.webm,uploaded,,Victor ANATO,2026-01-23T00:24:06.150053+00:00
46938c0d-f1b3-4ff8-bc7e-5a559de51db0,ad9c7d5d-47af-4326-a317-92b19df6ee5d,word,mina,,,,,,mina/word/ad9c7d5d-47af-4326-a317-92b19df6ee5d.webm,uploaded,,Victor ANATO,2026-01-23T00:26:26.958759+00:00
295b7f7a-9918-415b-ba9d-0e3b69754906,722c6213-b033-48db-8942-9b386d5fc12b,word,mina,,,,,,mina/word/722c6213-b033-48db-8942-9b386d5fc12b.webm,uploaded,,Victor ANATO,2026-01-23T00:28:56.931935+00:00
eb8fdc25-cbf4-49a9-8037-42fc32c09c54,2b2bdd9d-f153-4055-9a5b-f1382cc6bdf9,word,mina,,,,,,mina/word/2b2bdd9d-f153-4055-9a5b-f1382cc6bdf9.webm,uploaded,,Victor ANATO,2026-01-23T00:31:37.224588+00:00
b6abc9b3-5c06-4478-9b4b-2cc7343debb9,fc80adac-4481-4ec9-a06f-dce8949f5b2c,word,mina,,,,,,mina/word/fc80adac-4481-4ec9-a06f-dce8949f5b2c.webm,uploaded,,Victor ANATO,2026-01-23T00:34:55.729624+00:00
ace3a908-836c-4714-9a27-fe45a9cfc138,39f060ef-b165-496a-86b0-46d7c47790b1,word,mina,,,,,,mina/word/39f060ef-b165-496a-86b0-46d7c47790b1.webm,uploaded,,Victor ANATO,2026-01-23T00:37:31.639476+00:00
6e245442-3eea-4187-af90-2a1141a1e611,80a1fa5a-d8d2-4cf5-8bcc-e09f4d6789d4,word,mina,,,,,,mina/word/80a1fa5a-d8d2-4cf5-8bcc-e09f4d6789d4.webm,uploaded,,Victor ANATO,2026-01-23T00:40:13.433887+00:00
7a1f60ae-a562-40fa-8024-e6481016e832,3b78e51f-7761-4567-b304-4a3cc011c2d8,word,mina,,,,,,mina/word/3b78e51f-7761-4567-b304-4a3cc011c2d8.webm,uploaded,,Victor ANATO,2026-01-23T00:41:38.759255+00:00
0058bd36-5edb-40f6-a682-a0eb13803337,4d984ddd-25bb-4fa0-935a-36d95d721cac,word,mina,,,,,,mina/word/4d984ddd-25bb-4fa0-935a-36d95d721cac.webm,uploaded,,Victor ANATO,2026-01-23T00:43:13.492885+00:00
3523fba7-ed87-4ca1-9139-b1747de4fd8b,bb1cdbb3-9f9b-4aa7-a1c8-91cdf98b64a2,word,mina,,,,,,mina/word/bb1cdbb3-9f9b-4aa7-a1c8-91cdf98b64a2.webm,uploaded,,Victor ANATO,2026-01-23T00:44:56.259165+00:00
371e18dd-c516-45ef-8173-cb6eceddf35c,066b1b7e-72b0-44c7-8d69-4d1bd172ee28,word,mina,,,,,,mina/word/066b1b7e-72b0-44c7-8d69-4d1bd172ee28.webm,uploaded,,Victor ANATO,2026-01-23T00:48:33.198745+00:00
22ca2b02-a05b-46b6-bebf-fa2f1a598430,a06d661f-a3c7-4f8b-af69-9d39a48bfb05,word,mina,,,,,,mina/word/a06d661f-a3c7-4f8b-af69-9d39a48bfb05.webm,uploaded,,Victor ANATO,2026-01-23T00:50:56.151339+00:00
218d1e0a-7052-4ac0-8533-018dde45369b,3f4257fd-3d75-4200-ba1d-a4107d8401c2,word,mina,,,,,,mina/word/3f4257fd-3d75-4200-ba1d-a4107d8401c2.webm,uploaded,,Victor ANATO,2026-01-23T00:53:22.81257+00:00
10e852e4-c104-4c6f-baeb-7789861b1bf5,fc3b16fb-ab2c-4695-b9c4-70d90a88c3f8,word,mina,,,,,,mina/word/fc3b16fb-ab2c-4695-b9c4-70d90a88c3f8.webm,uploaded,,Victor ANATO,2026-01-23T00:55:06.434541+00:00
0813bc72-9207-41b9-9c49-d9023da192ac,5de7b5de-a0f3-4f1b-b70a-52be17ae38b3,word,mina,,,,,,mina/word/5de7b5de-a0f3-4f1b-b70a-52be17ae38b3.webm,uploaded,,Victor ANATO,2026-01-23T00:56:21.34029+00:00
d27f9ab3-23da-4983-82fd-22027bb4cfc8,31a03907-92ed-46d4-8418-3ed8bc0fb07f,word,mina,,,,,,mina/word/31a03907-92ed-46d4-8418-3ed8bc0fb07f.webm,uploaded,,Victor ANATO,2026-01-23T00:58:48.442755+00:00
2b1e52c4-f757-45bd-838e-dc4becaaeb24,fb9e3779-c557-45f3-9f1c-01a402190786,word,mina,,,,,,mina/word/fb9e3779-c557-45f3-9f1c-01a402190786.webm,uploaded,,Victor ANATO,2026-01-23T01:00:27.33457+00:00
82537d6b-7cc1-4fcb-957f-6b68a6042e54,2ccb4747-035a-49f8-ae44-223f3279ae87,word,mina,,,,,,mina/word/2ccb4747-035a-49f8-ae44-223f3279ae87.webm,uploaded,,Victor ANATO,2026-01-23T01:03:02.776292+00:00
23aa81ca-d9ea-4fc3-a1f0-fd8f8ddea8e6,0b7c20e9-d3d6-47c1-94eb-21ba5a5b6009,word,mina,,,,,,mina/word/0b7c20e9-d3d6-47c1-94eb-21ba5a5b6009.webm,uploaded,,Victor ANATO,2026-01-23T01:04:48.409227+00:00
6f6abf2b-0e5d-464f-97a0-52f919435cc1,c46574af-ca55-4013-9b7b-c41c028855d7,word,mina,,,,,,mina/word/c46574af-ca55-4013-9b7b-c41c028855d7.webm,uploaded,,Victor ANATO,2026-01-23T01:06:31.231916+00:00
acc31d79-e6f0-4785-9596-a8d94e73ad5a,139c43e2-8c4e-4f51-a6bc-ff50b6294909,word,mina,,,,,,mina/word/139c43e2-8c4e-4f51-a6bc-ff50b6294909.webm,uploaded,,Victor ANATO,2026-01-23T01:08:01.734981+00:00
687242a7-10ee-4a19-bf5f-3ed34b5870a4,0f5c4e3e-4c34-4ba9-847f-061cf8de8bf5,word,mina,,,,,,mina/word/0f5c4e3e-4c34-4ba9-847f-061cf8de8bf5.webm,uploaded,,Victor ANATO,2026-01-23T01:11:54.427809+00:00
5796a176-ea7c-4bf3-91e2-71a938b4aa77,51cac09f-d9e2-4853-9f71-f6398d914c72,word,mina,,,,,,mina/word/51cac09f-d9e2-4853-9f71-f6398d914c72.webm,uploaded,,Victor ANATO,2026-01-23T01:14:29.965951+00:00
95d562e8-e78b-4546-942c-17a278fd66dd,78029902-0fc6-47e9-aeb1-7115b329f5ff,word,mina,,,,,,mina/word/78029902-0fc6-47e9-aeb1-7115b329f5ff.webm,uploaded,,Victor ANATO,2026-01-23T01:15:56.233281+00:00
83366412-fa1e-44f5-87c1-1b1279cce738,2df06b47-8167-4131-89cf-f7170dd52351,word,mina,,,,,,mina/word/2df06b47-8167-4131-89cf-f7170dd52351.webm,uploaded,,Victor ANATO,2026-01-23T07:58:14.995248+00:00
a8c40137-9904-4fc7-9849-071485e06b5a,68cc3901-64f4-44fd-a221-61af871f63fd,word,mina,,,,,,mina/word/68cc3901-64f4-44fd-a221-61af871f63fd.webm,uploaded,,Victor ANATO,2026-01-23T17:07:44.380399+00:00
b56a6f55-e66c-4179-865e-55574226eba6,c29eba44-d597-4099-a551-da3dc6578346,word,mina,,,,,,mina/word/c29eba44-d597-4099-a551-da3dc6578346.webm,uploaded,,Victor ANATO,2026-01-23T17:10:20.406828+00:00
d4908070-212a-4d0f-856d-9371070696db,c29eba44-d597-4099-a551-da3dc6578346,word,mina,,,,,,mina/word/c29eba44-d597-4099-a551-da3dc6578346.webm,uploaded,,Victor ANATO,2026-01-23T17:10:41.961208+00:00
b0d53d40-794c-47b8-baa8-4a9a81b59e1e,b66c320c-6b19-45d2-88e4-80e8ea334a7c,word,mina,,,,,,mina/word/b66c320c-6b19-45d2-88e4-80e8ea334a7c.webm,uploaded,,Victor ANATO,2026-01-23T17:13:05.390798+00:00
4332b5e5-4eae-48ca-bf11-2d34c6e53cfa,c25597e3-4c08-4512-8cad-886e92d2bd48,word,mina,,,,,,mina/word/c25597e3-4c08-4512-8cad-886e92d2bd48.webm,uploaded,,Victor ANATO,2026-01-23T17:16:27.046562+00:00
5f530c96-04c3-48e7-a920-d257b6dcb7c5,782c4b9b-2758-4e43-a529-891a50e925e9,word,mina,,,,,,mina/word/782c4b9b-2758-4e43-a529-891a50e925e9.webm,uploaded,,Victor ANATO,2026-01-23T17:20:00.698171+00:00
0ef9c833-5305-4037-9c9d-79cff7b5784b,17db1b4d-4278-44f3-a4a9-c590cd6217a5,word,mina,,,,,,mina/word/17db1b4d-4278-44f3-a4a9-c590cd6217a5.webm,uploaded,,Victor ANATO,2026-01-23T17:24:12.025945+00:00
94b9201e-a4b0-4a6c-b7bd-5525ed8a82eb,92a47a9e-85e8-4acf-a774-61aaca0b0b5b,word,mina,,,,,,mina/word/92a47a9e-85e8-4acf-a774-61aaca0b0b5b.webm,uploaded,,Victor ANATO,2026-01-23T17:26:40.673795+00:00
6714542d-fa3a-4e98-ada9-81bbf837e332,f7fa017c-2e1e-4901-b650-961fd6a50d37,word,mina,,,,,,mina/word/f7fa017c-2e1e-4901-b650-961fd6a50d37.webm,uploaded,,Victor ANATO,2026-01-23T17:31:32.473051+00:00
772c4d2d-dc16-4c9f-904d-39b3d15d446d,c523f002-be72-4d02-8249-eb380100a17b,word,mina,,,,,,mina/word/c523f002-be72-4d02-8249-eb380100a17b.webm,uploaded,,Victor ANATO,2026-01-23T17:36:19.830182+00:00
0884fc52-ae67-4ba4-9f18-11912756ddcc,5731e905-e0de-4abb-a272-5df31139b775,word,mina,,,,,,mina/word/5731e905-e0de-4abb-a272-5df31139b775.webm,uploaded,,Victor ANATO,2026-01-23T17:39:46.02267+00:00
9a5ac57b-e3ba-43c6-bfa3-2c6d4bf55245,04d5218e-74ab-4ca5-b651-f062bef4b5e1,word,mina,,,,,,mina/word/04d5218e-74ab-4ca5-b651-f062bef4b5e1.webm,uploaded,,Victor ANATO,2026-01-23T17:42:17.045625+00:00
9b5c6fe8-58ff-4e1b-a838-46b11bdb2fc5,cef27e95-2532-4c4b-935d-ebe2cf28fbe9,word,mina,,,,,,mina/word/cef27e95-2532-4c4b-935d-ebe2cf28fbe9.webm,uploaded,,Victor ANATO,2026-01-23T17:46:36.564669+00:00
62be6ea9-22cf-4315-aa84-e4abe3d56443,ad0015d6-ae16-48ba-8967-0e1f6e9d6bd4,word,mina,,,,,,mina/word/ad0015d6-ae16-48ba-8967-0e1f6e9d6bd4.webm,uploaded,,Victor ANATO,2026-01-23T17:48:57.310917+00:00
12da0cf4-00c3-4c0d-b186-23a8abc09179,7c7f64a5-6c34-4419-b48d-e459dc29a722,word,mina,,,,,,mina/word/7c7f64a5-6c34-4419-b48d-e459dc29a722.webm,uploaded,,Victor ANATO,2026-01-23T17:52:04.777894+00:00
ba7d7de2-d7af-41d9-be30-9efdcc8100c6,0e79787c-e474-40a4-aecb-3a8e42a5416e,word,mina,,,,,,mina/word/0e79787c-e474-40a4-aecb-3a8e42a5416e.webm,uploaded,,Victor ANATO,2026-01-23T17:59:38.68173+00:00
bc7e738a-9b0a-4b74-aeae-6eaf7997a7e1,5ad8c924-775e-4a3d-9181-a9ce365a3377,word,mina,,,,,,mina/word/5ad8c924-775e-4a3d-9181-a9ce365a3377.webm,uploaded,,Victor ANATO,2026-01-23T18:03:12.575212+00:00
a9e09287-3bf6-4969-9298-9e123ae4ba18,455e3198-037b-45a4-bef1-643d116b95f4,word,mina,,,,,,mina/word/455e3198-037b-45a4-bef1-643d116b95f4.webm,uploaded,,Victor ANATO,2026-01-23T18:06:17.44522+00:00
17ac258f-ae86-45ff-af97-6b80a9039062,58beb12b-126c-4438-abc7-8ecaad798d53,word,mina,,,,,,mina/word/58beb12b-126c-4438-abc7-8ecaad798d53.webm,uploaded,,Victor ANATO,2026-01-23T18:10:23.187076+00:00
562fc76f-506f-4713-a5f3-11360430f375,a96cb9a7-443f-4eb6-a0ec-5e4d58f2bfe3,word,mina,,,,,,mina/word/a96cb9a7-443f-4eb6-a0ec-5e4d58f2bfe3.webm,uploaded,,Victor ANATO,2026-01-23T18:12:09.570959+00:00
896bb126-c995-4936-a117-656485dd6263,479142bb-4970-483b-8a5f-635c1eebc6e0,word,mina,,,,,,mina/word/479142bb-4970-483b-8a5f-635c1eebc6e0.webm,uploaded,,Victor ANATO,2026-01-23T18:16:31.682766+00:00
7a97cd65-4e33-40b2-8a88-3b8185fd743f,81eee7fe-c7ca-417a-9334-c8203398bd0b,word,mina,,,,,,mina/word/81eee7fe-c7ca-417a-9334-c8203398bd0b.webm,uploaded,,Victor ANATO,2026-01-23T18:18:51.820395+00:00
d61c4793-3bf0-452a-bbc1-996793b678be,4397d82b-95b4-41d4-b43d-444069c82fc6,word,mina,,,,,,mina/word/4397d82b-95b4-41d4-b43d-444069c82fc6.webm,uploaded,,Victor ANATO,2026-01-23T18:21:19.336979+00:00
8ac114de-d8ed-4a36-8898-5c4fd6fd812a,4fd2d645-03db-4f01-851a-64fea4fbe664,word,mina,,,,,,mina/word/4fd2d645-03db-4f01-851a-64fea4fbe664.webm,uploaded,,Victor ANATO,2026-01-23T18:23:39.232842+00:00
41c40c87-b618-47ef-9271-07da38d81a3d,ad28c66e-5b59-4c06-90b4-25e15389dad4,word,mina,,,,,,mina/word/ad28c66e-5b59-4c06-90b4-25e15389dad4.webm,uploaded,,Victor ANATO,2026-01-23T18:27:50.747373+00:00
d2027c3e-67b8-4ac3-b6d3-fe16e82788c0,70edb505-081f-46e3-b0b0-8b22274cab4c,word,mina,,,,,,mina/word/70edb505-081f-46e3-b0b0-8b22274cab4c.webm,uploaded,,Victor ANATO,2026-01-23T18:32:34.905818+00:00
062cc34a-54fa-47ad-b45e-deadd92c6a74,5e3118a0-dd0b-40d6-87de-4036b9d5da94,word,mina,,,,,,mina/word/5e3118a0-dd0b-40d6-87de-4036b9d5da94.webm,uploaded,,Victor ANATO,2026-01-23T18:37:32.574424+00:00
7209d0e4-218d-4004-a200-c4315531f5bb,a01e8c12-99a7-4368-a0de-904fd7718c4c,word,mina,,,,,,mina/word/a01e8c12-99a7-4368-a0de-904fd7718c4c.webm,uploaded,,Victor ANATO,2026-01-23T18:39:49.180015+00:00
abe30760-5fa5-4d89-bf88-8699d71aaf3c,bee38cfd-05f9-44ac-a5c6-25ce90d01ac4,word,mina,,,,,,mina/word/bee38cfd-05f9-44ac-a5c6-25ce90d01ac4.webm,uploaded,,Victor ANATO,2026-01-23T18:51:08.324333+00:00
d6e89847-d2ce-4595-af6f-518dda9fa891,5179df9b-609c-4196-8021-3a8ab27ca2f0,word,mina,,,,,,mina/word/5179df9b-609c-4196-8021-3a8ab27ca2f0.webm,uploaded,,Victor ANATO,2026-01-23T23:26:42.356268+00:00
5efe9f74-52b7-4cfa-95be-c0612d339e9f,8210f1eb-230d-488c-8f62-9bc0505dbab6,word,mina,,,,,,mina/word/8210f1eb-230d-488c-8f62-9bc0505dbab6.webm,uploaded,,Victor ANATO,2026-01-23T23:29:04.615841+00:00
d9b228fc-1dbc-4845-b7ab-02c827802d86,8fe1a68b-ddca-4576-a49a-239bd5b426bc,word,mina,,,,,,mina/word/8fe1a68b-ddca-4576-a49a-239bd5b426bc.webm,uploaded,,Victor ANATO,2026-01-23T23:31:59.763521+00:00
297fa866-6c80-4213-b740-143fe2e20a3f,c4ddba93-02ad-4f84-a70c-3da0d24be4aa,word,mina,,,,,,mina/word/c4ddba93-02ad-4f84-a70c-3da0d24be4aa.webm,uploaded,,Victor ANATO,2026-01-23T23:34:46.668899+00:00
eadf93de-ac52-4a05-9bda-75ea1a28e493,5df580a9-5de8-4410-a7cc-2bb793be201f,word,mina,,,,,,mina/word/5df580a9-5de8-4410-a7cc-2bb793be201f.webm,uploaded,,Victor ANATO,2026-01-23T23:37:35.863302+00:00
8ba3286b-24b0-49fc-a966-3b3fb2b58995,61af22a4-a48e-431d-805a-7df86f823119,word,mina,,,,,,mina/word/61af22a4-a48e-431d-805a-7df86f823119.webm,uploaded,,Victor ANATO,2026-01-23T23:39:20.987285+00:00
45e73f6b-19e4-4368-bd0c-6abef8e7adf7,3ab41f5c-e843-47cb-b7bc-70ee6da9c161,word,mina,,,,,,mina/word/3ab41f5c-e843-47cb-b7bc-70ee6da9c161.webm,uploaded,,Victor ANATO,2026-01-23T23:41:20.754033+00:00
3ae8c51b-4faa-421b-b76a-1d2897a5c8fd,c1c61289-37dc-476c-bbbd-8ad212215364,word,mina,,,,,,mina/word/c1c61289-37dc-476c-bbbd-8ad212215364.webm,uploaded,,Victor ANATO,2026-01-23T23:43:10.951225+00:00
2cece155-163c-4fad-948d-2ff0e272d316,60bcafa9-cc7b-4adb-abd3-7230466c9f7c,word,mina,,,,,,mina/word/60bcafa9-cc7b-4adb-abd3-7230466c9f7c.webm,uploaded,,Victor ANATO,2026-01-23T23:47:12.533281+00:00
0472be2b-179d-4191-acfa-5621663e2a55,c57386f0-7534-406b-865c-43667f44156a,word,mina,,,,,,mina/word/c57386f0-7534-406b-865c-43667f44156a.webm,uploaded,,Victor ANATO,2026-01-24T00:16:06.082206+00:00
9c2e617f-fa25-4631-9e29-ea54e5e204a6,80c442b3-1694-454c-877b-d0f81f18cb3b,word,mina,,,,,,mina/word/80c442b3-1694-454c-877b-d0f81f18cb3b.webm,uploaded,,Victor ANATO,2026-01-24T12:56:52.040053+00:00
50027785-2abf-4120-baf3-f6f0827eb608,9fdee700-3752-4b69-976f-da94232db052,word,mina,,,,,,mina/word/9fdee700-3752-4b69-976f-da94232db052.webm,uploaded,,Victor ANATO,2026-01-24T12:59:23.71249+00:00
01f08947-b758-4887-a34f-a1ec57c39704,9e3db503-f698-4f7e-9e9f-f96556c0ea4f,word,mina,,,,,,mina/word/9e3db503-f698-4f7e-9e9f-f96556c0ea4f.webm,uploaded,,Victor ANATO,2026-01-24T13:02:00.226424+00:00
af3a5447-638b-4ded-bf88-6a483d5767b2,0729f0d7-b9fb-4347-9a31-70115664330a,word,mina,,,,,,mina/word/0729f0d7-b9fb-4347-9a31-70115664330a.webm,uploaded,,Victor ANATO,2026-01-24T13:03:21.410507+00:00
7648ec90-c8aa-4fc4-9881-a6c59af1a1ff,f6086486-72bd-4cf4-a97a-7bff7294e7a1,word,mina,,,,,,mina/word/f6086486-72bd-4cf4-a97a-7bff7294e7a1.webm,uploaded,,Victor ANATO,2026-01-24T13:06:05.884562+00:00
75332b20-6d8f-48c7-851d-30e5dbf1a6c1,e058c676-748c-45b2-863d-1d0109ff1487,word,mina,,,,,,mina/word/e058c676-748c-45b2-863d-1d0109ff1487.webm,uploaded,,Victor ANATO,2026-01-24T13:09:06.953176+00:00
87254800-bfcf-45a3-a9bf-97666e8be695,4089d1b9-ed93-48de-a69a-93ef183989b4,word,mina,,,,,,mina/word/4089d1b9-ed93-48de-a69a-93ef183989b4.webm,uploaded,,Victor ANATO,2026-01-24T13:10:38.974204+00:00
6b789295-42df-4aa6-9630-c0fa764befaf,a859b5ba-29d9-4ea7-b7bb-187eb4397d6d,word,mina,,,,,,mina/word/a859b5ba-29d9-4ea7-b7bb-187eb4397d6d.webm,uploaded,,Victor ANATO,2026-01-24T13:13:05.079533+00:00
8f3f8355-79ce-4f63-9edc-1f546bba2825,a7331db3-c4a6-4ca6-987c-033988cb7c4b,word,mina,,,,,,mina/word/a7331db3-c4a6-4ca6-987c-033988cb7c4b.webm,uploaded,,Victor ANATO,2026-01-24T13:16:04.574377+00:00
db1e1597-b392-4497-8362-0700fcdd7738,4ccff863-a9c9-4074-a6f2-4e04a08e33e5,word,mina,,,,,,mina/word/4ccff863-a9c9-4074-a6f2-4e04a08e33e5.webm,uploaded,,Victor ANATO,2026-01-24T13:20:14.626822+00:00
077ddd68-d965-4503-8dfe-9d81a0c2b39f,db1b6bc8-6d5c-4e3b-87bc-0b69c6f8df75,word,mina,,,,,,mina/word/db1b6bc8-6d5c-4e3b-87bc-0b69c6f8df75.webm,uploaded,,Victor ANATO,2026-01-24T13:22:23.716674+00:00
75807dcd-d022-4b97-a8dc-df1434f91353,6d290584-b132-4b92-90f5-b519f63209ea,word,mina,,,,,,mina/word/6d290584-b132-4b92-90f5-b519f63209ea.webm,uploaded,,Victor ANATO,2026-01-24T13:24:06.73875+00:00
2a217afd-a20a-4254-bd15-3384663a723d,ec68fac3-29f3-4784-8651-8e53622654f3,word,mina,,,,,,mina/word/ec68fac3-29f3-4784-8651-8e53622654f3.webm,uploaded,,Victor ANATO,2026-01-24T13:26:22.242299+00:00
5602fa56-1efb-4029-95ca-d80ef3ee83af,61aa816f-68d0-4ac5-a87e-b944f90069da,word,mina,,,,,,mina/word/61aa816f-68d0-4ac5-a87e-b944f90069da.webm,uploaded,,Victor ANATO,2026-01-24T13:28:45.830794+00:00
611e781b-8b75-4bb1-9929-41b244b1adaf,e60677e1-52fa-4a8f-b32a-7b385a58233f,word,mina,,,,,,mina/word/e60677e1-52fa-4a8f-b32a-7b385a58233f.webm,uploaded,,Victor ANATO,2026-01-24T13:31:02.312405+00:00
a8294116-233c-49b0-84df-ef077cb79d8a,e4448536-9413-428a-8b73-a05659e9a1fa,word,mina,,,,,,mina/word/e4448536-9413-428a-8b73-a05659e9a1fa.webm,uploaded,,Victor ANATO,2026-01-24T13:34:47.475769+00:00
f2968571-31e2-4d84-be99-696d62a6bfce,308e9cfd-1a41-43fd-9bf2-64614f699b09,word,mina,,,,,,mina/word/308e9cfd-1a41-43fd-9bf2-64614f699b09.webm,uploaded,,Victor ANATO,2026-01-24T13:37:18.429629+00:00
97c1ffff-b424-4595-8d57-d052de571529,845eb8d1-0ef9-4cfa-a6e3-e9aad9503e47,word,mina,,,,,,mina/word/845eb8d1-0ef9-4cfa-a6e3-e9aad9503e47.webm,uploaded,,Victor ANATO,2026-01-24T13:40:14.789332+00:00
29f039dd-92a1-4bb6-8091-9b42d80a448f,abba1304-4587-4257-ae2d-7348d189649d,word,mina,,,,,,mina/word/abba1304-4587-4257-ae2d-7348d189649d.webm,uploaded,,Victor ANATO,2026-01-24T13:41:47.908202+00:00
55caee6d-e509-4b31-9ae2-b733a3265519,dbc9ab62-cec0-4924-a529-5af2a5314ef4,word,mina,,,,,,mina/word/dbc9ab62-cec0-4924-a529-5af2a5314ef4.webm,uploaded,,Victor ANATO,2026-01-24T13:48:06.286047+00:00
c875d325-e14b-4198-9e84-4a4892e34f29,7bb5bb43-5099-46c3-b126-c3b6558c5a6c,word,mina,,,,,,mina/word/7bb5bb43-5099-46c3-b126-c3b6558c5a6c.webm,uploaded,,Victor ANATO,2026-01-24T13:50:08.324704+00:00
88c83c9b-396a-487a-91e0-a953a1b5bfe4,16cc30da-6423-420c-9c65-728ef96819a8,word,mina,,,,,,mina/word/16cc30da-6423-420c-9c65-728ef96819a8.webm,uploaded,,Victor ANATO,2026-01-24T13:54:55.325305+00:00
226ecaf2-50fd-4d1b-8a58-1ea4ca8a8cdb,3692d9ef-e8e1-44ce-8a0f-3b6b1c5c659e,word,mina,,,,,,mina/word/3692d9ef-e8e1-44ce-8a0f-3b6b1c5c659e.webm,uploaded,,Victor ANATO,2026-01-24T14:03:54.282035+00:00
d9f44969-24c2-4abd-9bcf-548d606b3b6b,5a5e9363-3e8b-4ae5-a74c-d7ca1bccd810,word,mina,,,,,,mina/word/5a5e9363-3e8b-4ae5-a74c-d7ca1bccd810.webm,uploaded,,Victor ANATO,2026-01-24T14:08:08.659425+00:00
a20846ba-3792-4cbd-aa6d-507f1bd6f1aa,2f33d3ab-3172-4741-a32c-629c1e377881,word,mina,,,,,,mina/word/2f33d3ab-3172-4741-a32c-629c1e377881.webm,uploaded,,Victor ANATO,2026-01-24T14:10:02.95227+00:00
82616062-732b-4348-a706-3801383cde01,7e1c1e19-e0e7-49fc-9f55-9b979f22edf9,word,mina,,,,,,mina/word/7e1c1e19-e0e7-49fc-9f55-9b979f22edf9.webm,uploaded,,Victor ANATO,2026-01-24T14:15:01.029465+00:00
96dbe64f-c344-4455-8355-69d241c86f5d,ddfacdf8-cb5a-4dda-924f-35a01b28459f,word,mina,,,,,,mina/word/ddfacdf8-cb5a-4dda-924f-35a01b28459f.webm,uploaded,,Victor ANATO,2026-01-24T14:17:04.667682+00:00
9ff71adf-f281-4bd8-a729-14c8c9523eaa,a91443a5-498a-4198-8037-2107457ff44d,word,mina,,,,,,mina/word/a91443a5-498a-4198-8037-2107457ff44d.webm,uploaded,,Victor ANATO,2026-01-24T14:18:25.64719+00:00
86d36979-c571-40f8-a5be-6c1c1b88a241,c5b4dad7-f225-41fe-992e-524c633ad090,word,mina,,,,,,mina/word/c5b4dad7-f225-41fe-992e-524c633ad090.webm,uploaded,,Victor ANATO,2026-01-24T14:19:58.755038+00:00
7f762ed9-18ce-4b0f-958c-c0ae0a0e6ce8,52e2ba3d-9fd4-4019-9ebe-e43c2c344ae6,word,mina,,,,,,mina/word/52e2ba3d-9fd4-4019-9ebe-e43c2c344ae6.webm,uploaded,,Victor ANATO,2026-01-24T14:28:10.638043+00:00
348ba0a0-85c9-478b-9dcb-02bf10dc4a33,2c3bdba7-3c85-467d-9e5a-020bb4df537e,word,mina,,,,,,mina/word/2c3bdba7-3c85-467d-9e5a-020bb4df537e.webm,uploaded,,Victor ANATO,2026-01-24T14:34:42.898185+00:00
c9439f7c-f75c-43b3-a527-ba79a01fbafe,177aa1e2-89e6-4413-a821-6fd90c8c2d12,word,mina,,,,,,mina/word/177aa1e2-89e6-4413-a821-6fd90c8c2d12.webm,uploaded,,Fouss,2026-01-24T18:45:32.773837+00:00
23cbca72-1c96-43bb-95a6-a0a1f36f984b,68f11815-ddd5-4966-a666-77928e01a9ff,word,mina,,,,,,mina/word/68f11815-ddd5-4966-a666-77928e01a9ff.webm,uploaded,,Victor ANATO,2026-01-25T08:24:40.260312+00:00
edbcfe0e-a11a-44b0-8e55-e97535434b8a,a0c1b5e6-7bb7-4363-ac3e-355aceca9aaa,word,mina,,,,,,mina/word/a0c1b5e6-7bb7-4363-ac3e-355aceca9aaa.webm,uploaded,,Victor ANATO,2026-01-25T08:27:25.101825+00:00
3f4c4d99-d23b-481a-80fa-7fb0f3ce4640,cfd824d6-e2bf-42a5-8d44-4a35dffbad5a,word,mina,,,,,,mina/word/cfd824d6-e2bf-42a5-8d44-4a35dffbad5a.webm,uploaded,,Victor ANATO,2026-01-25T08:30:23.119442+00:00
005a38c9-32b2-43ed-862d-e9cfa5a44094,f60ce9d8-1628-486a-9334-2b301672872e,word,mina,,,,,,mina/word/f60ce9d8-1628-486a-9334-2b301672872e.webm,uploaded,,Victor ANATO,2026-01-25T08:32:52.183324+00:00
9e245c1e-659f-4ca7-8d2c-25ecf0d8bfee,d2a6f036-6649-45dd-9952-86c7f2a7747f,word,mina,,,,,,mina/word/d2a6f036-6649-45dd-9952-86c7f2a7747f.webm,uploaded,,Victor ANATO,2026-01-25T08:36:18.162525+00:00
128dc69b-e87a-467c-a084-98e51dbb58f4,748fb132-2a71-446d-ad16-348010dbc61f,word,mina,,,,,,mina/word/748fb132-2a71-446d-ad16-348010dbc61f.webm,uploaded,,Victor ANATO,2026-01-25T08:39:00.242522+00:00
4007df6b-a478-4d29-b9ba-33df4ebbb952,9a06fc77-a909-47d6-8b10-d3b54e9b1415,word,mina,,,,,,mina/word/9a06fc77-a909-47d6-8b10-d3b54e9b1415.webm,uploaded,,Victor ANATO,2026-01-25T08:41:18.334234+00:00
f6aba4b4-52e6-44dd-9a7e-6f7a00bf0a94,68251b7f-42fc-4d9c-a5f4-0915f7c542ad,word,mina,,,,,,mina/word/68251b7f-42fc-4d9c-a5f4-0915f7c542ad.webm,uploaded,,Victor ANATO,2026-01-25T08:43:21.296529+00:00
24726e61-665d-41b1-9bb4-659432049931,31f52299-eb25-414a-83f6-9eba85594035,word,mina,,,,,,mina/word/31f52299-eb25-414a-83f6-9eba85594035.webm,uploaded,,Victor ANATO,2026-01-25T08:45:45.261917+00:00
bf66f388-fbed-499b-b90e-ce791b2b499a,133279fe-5c28-422b-9112-cccd929dbd35,word,mina,,,,,,mina/word/133279fe-5c28-422b-9112-cccd929dbd35.webm,uploaded,,Victor ANATO,2026-01-25T08:48:29.326909+00:00
2fd0d4f0-6c4d-43a1-bc84-eccadd995697,488b032d-969f-4a81-8911-dee5babcdd2d,word,mina,,,,,,mina/word/488b032d-969f-4a81-8911-dee5babcdd2d.webm,uploaded,,Victor ANATO,2026-01-25T08:51:31.708961+00:00
c3b61e6c-5f02-464f-b085-d9e2a9c8592e,93ad91dd-5b79-4423-b812-ae1c0b5ce85b,word,mina,,,,,,mina/word/93ad91dd-5b79-4423-b812-ae1c0b5ce85b.webm,uploaded,,Victor ANATO,2026-01-25T08:53:50.189573+00:00
b4a85978-5bfc-4006-89f1-a52403b96753,c46ce0cb-86ea-465b-8cd9-fa0ff2ef59db,word,mina,,,,,,mina/word/c46ce0cb-86ea-465b-8cd9-fa0ff2ef59db.webm,uploaded,,Victor ANATO,2026-01-25T08:56:38.253912+00:00
ef1963e3-7eaf-47ec-8d62-ed137c2335fc,0293df28-d168-49c7-927c-bf3c3bc88782,word,mina,,,,,,mina/word/0293df28-d168-49c7-927c-bf3c3bc88782.webm,uploaded,,Victor ANATO,2026-01-25T08:58:57.925383+00:00
46a37b89-8999-4eed-9f4f-49f5062a3951,36706dc9-1a43-4f9a-b9b0-39d5201d0540,word,mina,,,,,,mina/word/36706dc9-1a43-4f9a-b9b0-39d5201d0540.webm,uploaded,,Victor ANATO,2026-01-25T09:00:54.668345+00:00
4231e2dc-8ddb-4900-9c56-5915123fcacf,3cfa5734-cca3-40e6-aca7-e9f38d630824,word,mina,,,,,,mina/word/3cfa5734-cca3-40e6-aca7-e9f38d630824.webm,uploaded,,Victor ANATO,2026-01-25T09:04:17.969+00:00
30877a78-e77a-4863-b286-6689a5b4a2cc,91453756-ac00-4d68-ac4c-f07c07885530,word,mina,,,,,,mina/word/91453756-ac00-4d68-ac4c-f07c07885530.webm,uploaded,,Victor ANATO,2026-01-25T09:14:35.229725+00:00
b939ec08-017b-4f38-96c7-9de26c91d7d9,f558368d-6dda-42d4-922e-00bcc50dbaba,word,mina,,,,,,mina/word/f558368d-6dda-42d4-922e-00bcc50dbaba.webm,uploaded,,Victor ANATO,2026-01-25T09:16:11.071382+00:00
88bf34ea-ac38-4b3b-b2f0-74a2804cb2d1,86080368-ea73-40bc-8c91-8d56b8480846,word,mina,,,,,,mina/word/86080368-ea73-40bc-8c91-8d56b8480846.webm,uploaded,,Victor ANATO,2026-01-25T09:19:32.54436+00:00
5104246e-7d75-4c00-abae-0331243565c5,7e51d2a1-913a-44cf-9f73-2213fd050e06,word,mina,,,,,,mina/word/7e51d2a1-913a-44cf-9f73-2213fd050e06.webm,uploaded,,Victor ANATO,2026-01-25T09:49:44.540416+00:00
7e7bac9c-354d-4491-8e8c-e2dfd7c972fa,83271f4c-3c2b-4fc2-840c-17d0af474187,word,mina,,,,,,mina/word/83271f4c-3c2b-4fc2-840c-17d0af474187.webm,uploaded,,Victor ANATO,2026-01-25T09:53:13.098987+00:00
626caf58-327d-4d4e-8e0e-98ae9b26aaea,b689390e-7b83-4e37-bb89-437f976d0dab,word,mina,,,,,,mina/word/b689390e-7b83-4e37-bb89-437f976d0dab.webm,uploaded,,Victor ANATO,2026-01-25T09:54:50.610226+00:00
0c86eb39-251c-4466-9ec6-6a8d165313f5,435992bf-31df-4e6b-9e67-6f0bf68c0703,word,mina,,,,,,mina/word/435992bf-31df-4e6b-9e67-6f0bf68c0703.webm,uploaded,,Victor ANATO,2026-01-25T09:58:05.073403+00:00
fc7bcdb4-f7a7-4757-b14f-54a5770e8a1a,ae649f03-f59e-45a8-9dab-ecf19373c2d6,word,mina,,,,,,mina/word/ae649f03-f59e-45a8-9dab-ecf19373c2d6.webm,uploaded,,Victor ANATO,2026-01-25T10:03:10.879924+00:00
642400b8-1e5a-4ecf-b4af-ee09c2092a05,59ca4eec-4463-4ef4-863a-18ba76afb392,word,mina,,,,,,mina/word/59ca4eec-4463-4ef4-863a-18ba76afb392.webm,uploaded,,Victor ANATO,2026-01-25T10:06:58.172399+00:00
2d5f7b38-6ccd-4919-a3a5-1d432a5048e1,5db7f1de-3efa-4572-acaa-156a69bf12d4,word,mina,,,,,,mina/word/5db7f1de-3efa-4572-acaa-156a69bf12d4.webm,uploaded,,Victor ANATO,2026-01-25T10:09:26.033574+00:00
238173df-a5a8-4d84-be1d-6d6464cbdd78,f186e4b5-4654-42f7-a971-6f960006b80d,word,mina,,,,,,mina/word/f186e4b5-4654-42f7-a971-6f960006b80d.webm,uploaded,,Victor ANATO,2026-01-25T10:11:13.948627+00:00
41e281eb-3567-42ea-9fa7-b6a3cd28c2db,14882b82-d2bb-406d-be43-0edded02390b,word,mina,,,,,,mina/word/14882b82-d2bb-406d-be43-0edded02390b.webm,uploaded,,Victor ANATO,2026-01-25T10:13:26.710751+00:00
3268104e-1001-4a42-946b-f544b16a9ba2,1bf37c6f-c2db-413c-988a-c4b25e44cae8,word,mina,,,,,,mina/word/1bf37c6f-c2db-413c-988a-c4b25e44cae8.webm,uploaded,,Victor ANATO,2026-01-25T10:15:15.960335+00:00
661972c0-3615-4e22-98e6-9f1fe92331e6,c19d6ec5-c613-420b-ae3d-c76239b94ef0,word,mina,,,,,,mina/word/c19d6ec5-c613-420b-ae3d-c76239b94ef0.webm,uploaded,,Victor ANATO,2026-01-25T10:17:42.822352+00:00