entry_id,domain,source_language,target_language,source_lemma,source_variant,pos,gender,translation_primary,translation_alt_1,translation_alt_2,synonyms_source,synonyms_target,register_level,meaning_note,example_source,example_target,tags,created_by,review_status,review_note,approved_by,created_at,updated_at
538a32ff-870d-4295-87af-5e61c508fdfe,sante,mina,fr,Avivo,,nom,,Fièvre,,,,,courant,,Avivo lewom,J'ai de la fièvre,,Fouss,submitted,,,2026-01-22T13:24:18.838233+00:00,2026-01-22T13:24:18.838233+00:00
2cf9ddc0-1b6c-4cd2-814d-9adfb9188875,sante,mina,fr,Dôlélé,,nom,,Maladie,,,,,courant,,Dôlélé mou gnon,La maladie n'est pas bonne,,Victor  ANATO,submitted,,,2026-01-22T14:14:40.05993+00:00,2026-01-22T14:14:40.05993+00:00
f8b3996e-b3c0-4df7-b20d-760eb39390a6,sante,bambara,fr,Bana,,nom,,Maladie,,,,,courant,,N bana na,Je suis malade,,Kadissetou,submitted,,,2026-01-22T14:20:03.20215+00:00,2026-01-22T14:20:03.20215+00:00
1083a557-cd05-43bc-aabd-76dd120cc6d0,sante,bambara,fr,Bana,,nom,,Maladie,,,,,courant,,Ne bana na,Je suis malade,,Kadissetou,submitted,,,2026-01-22T14:21:44.589445+00:00,2026-01-22T14:21:44.589445+00:00
6bac2c93-3d11-4d86-9a99-9bf9cb44c317,sante,mina,fr,Adomé,,nom,,Ventre,,,,,courant,,Adomé lédoum,J'ai mal au ventre,,Fouss 12,submitted,,,2026-01-22T15:15:40.978832+00:00,2026-01-22T15:15:40.978832+00:00
165e1982-24b0-4a07-a909-bb45fce94ee6,sante,mina,fr,Gbôdjô gbôdjô,,nom,,Faiblesse,,,,,courant,,Moulé do gbôdjô gbôdjô,Je deviens faible,,Victor ANATO,submitted,,,2026-01-22T15:22:08.71839+00:00,2026-01-22T15:22:08.71839+00:00
4a0c3d2c-1398-4044-8f07-da2c32c6ae99,sante,mina,fr,Djéssi,,nom,,Symptôme,,,,,courant,,Édolélé bé djéssi o,Les symptômes de la maladie,,Victor ANATO,submitted,,,2026-01-22T15:30:30.464659+00:00,2026-01-22T15:30:30.464659+00:00
53c3aeee-e6fc-4dc1-ad43-59e545c41592,sante,mina,fr,Djéssi,,nom,,Symptôme,,,,,courant,,Edôlélé bé djéssi o,Les symptômes de la maladie,,Victor ANATO,submitted,,,2026-01-22T15:32:52.008821+00:00,2026-01-22T15:32:52.008821+00:00
5bf3f845-299e-41fe-8375-ede49e6580dd,sante,mina,fr,Avivor,,nom,,Fièvre,,,,,courant,,Avivor lé wôm,J'ai la fièvre,,Victor ANATO,submitted,,,2026-01-22T15:34:45.669251+00:00,2026-01-22T15:34:45.669251+00:00
0df4007c-542e-46dc-b47e-95677786d327,sante,mina,fr,Lanmévévé,,nom,,Douleur,,,,,courant,,Moulé sé lanmévévé,Je sens la douleur,,Victor ANATO,submitted,,,2026-01-22T15:52:04.846865+00:00,2026-01-22T15:52:04.846865+00:00
2a2a17b2-38f4-4dbd-89b9-2f11da9a4de3,sante,mina,fr,Avivor,,nom,,Fièvre,,,,,courant,,Avivor lé wôm,J'ai de la fièvre,,Victor ANATO,submitted,,,2026-01-22T15:53:46.840607+00:00,2026-01-22T15:53:46.840607+00:00
854cd4c2-e34e-4650-9fda-cdd085bbcb4a,sante,mina,fr,Ékpin,,nom,,Toux,,,,,courant,,Ékpin lé pom,J'ai la toux,,Victor ANATO,submitted,,,2026-01-22T15:54:53.436085+00:00,2026-01-22T15:54:53.436085+00:00
e59081ae-d845-4d1a-86b5-2a06d19bbb34,sante,mina,fr,Ékpinbla,,nom,,Rhume,,,,,courant,,Ékpinbla lém,Je suis enrhumé(e),,Victor ANATO,submitted,,,2026-01-22T15:56:18.443061+00:00,2026-01-22T15:56:18.443061+00:00
144c1c97-47f7-4698-be88-2b9672db9cfd,sante,mina,fr,N'hontitoutou,,nom,,Grippe,,,,,courant,,N'hontitoutou lém,Je suis agrippé (e),,Victor ANATO,submitted,,,2026-01-22T15:58:32.796393+00:00,2026-01-22T15:58:32.796393+00:00
5274c00d-8b39-485a-8011-c78d3d105c83,sante,mina,fr,Étadouamé,,nom,,Maux de tête,,,,,courant,,Étalédoum,J'ai les maux de tête,,Victor ANATO,submitted,,,2026-01-22T16:00:00.850299+00:00,2026-01-22T16:00:00.850299+00:00
1bc3f8ae-0c4f-419e-803b-6cabd11ceed7,sante,mina,fr,N'koumé trôtrô,,nom,,Vertige,,,,,courant,,N'koumé lé trô nam,J'ai le vertige,,Victor ANATO,submitted,,,2026-01-22T16:02:49.617397+00:00,2026-01-22T16:02:49.617397+00:00
5efa1faa-e92d-44d3-a992-cb1a8a9c749f,sante,mina,fr,Énoutikor,,nom,,Fatigue,,,,,courant,,Énoutikor nam,J'ai de la fatigue / je suis fatigué(e),,Victor ANATO,submitted,,,2026-01-22T16:05:20.843612+00:00,2026-01-22T16:05:20.843612+00:00
a442db44-bc82-4af5-afc9-2eee0d563c1d,sante,mina,fr,Gbôdjor gbôdjor,,nom,,Faiblesse,,,,,courant,,Moulé do gbôdjor gbôdjor,J'ai de la fatigue / je suis fatigué(e),,Victor ANATO,submitted,,,2026-01-22T17:01:39.072317+00:00,2026-01-22T17:01:39.072317+00:00
ca34a238-0196-4bd1-a82d-1417bedae7c9,sante,mina,fr,Lanméhounhoun,,nom,,Frissons,,,,,courant,,Lanméhounhoun nam,J'ai eu des frissons,,Victor ANATO,submitted,,,2026-01-22T17:03:13.331701+00:00,2026-01-22T17:03:13.331701+00:00
e94965c2-38ec-44be-97a7-e6750af08fd1,sante,mina,fr,Adédjédjé,,nom,,Transpiration,,,,,courant,,Moulé djé adé,Je transpire,,Victor ANATO,submitted,,,2026-01-22T17:04:48.96713+00:00,2026-01-22T17:04:48.96713+00:00
f32ddb47-8590-4635-b34d-eba816006584,sante,mina,fr,Troutrou sô amé,,nom,,Nausée,,,,,courant,,Troutrou lé sôm,J'ai de la nausée,,Victor ANATO,submitted,,,2026-01-22T17:06:49.131247+00:00,2026-01-22T17:06:49.131247+00:00
cb127d91-5d5f-4d98-97d6-f210a088b2ca,sante,mina,fr,Noutroutrou,,nom,,Vomissement,,,,,courant,,Noutroutrou lé fiyé,Il y a du vomissement ici,,Victor ANATO,submitted,,,2026-01-22T17:08:49.24509+00:00,2026-01-22T17:08:49.24509+00:00
d587163d-24d9-43c4-bc2d-9e8a79ab6aba,sante,mina,fr,Adôméssasra,,nom,,Diarrhée,,,,,courant,,Moulé sra adômé,Je fais la diarrhée,,Victor ANATO,submitted,,,2026-01-22T17:11:56.676466+00:00,2026-01-22T17:11:56.676466+00:00
ab3c2e25-e3c4-47de-9029-a8fedd55f19e,sante,mina,fr,Atchidodo,,nom,,Constipation,,,,,courant,,Moudo atchi,Je suis constipé,,Victor ANATO,submitted,,,2026-01-22T17:55:13.308042+00:00,2026-01-22T17:55:13.308042+00:00
389f2947-472d-450f-b819-d6d14f106eb8,sante,mina,fr,Podo djidji,,nom,,Ballonnement,,,,,courant,,Podo dji nè,Il a le ballonnement,,Victor ANATO,submitted,,,2026-01-22T18:01:51.5922+00:00,2026-01-22T18:01:51.5922+00:00
f3ab8100-4584-4df7-b8df-2471295ff2ae,sante,mina,fr,Adômélé amé,,nom,,Brûlure d'estomac,,,,,courant,,Adomé lélé,Il a les brûlures d'estomac,,Victor ANATO,submitted,,,2026-01-22T18:05:51.491042+00:00,2026-01-22T18:05:51.491042+00:00
767c1ed2-d174-4e3f-b34c-cb501cb55d74,sante,mina,fr,Essikôtchi,,nom,,Soif,,,,,courant,,EsSikôtchi létchim,J'ai soif,,Victor ANATO,submitted,,,2026-01-22T18:08:44.856257+00:00,2026-01-22T18:08:44.856257+00:00
e5dc23a7-ceef-4cb4-a120-90053404cb2e,sante,mina,fr,Essikôtchi,,nom,,Soif,,,,,courant,,Essikôtchi létchim,J'ai soif,,Victor ANATO,submitted,,,2026-01-22T18:11:00.314732+00:00,2026-01-22T18:11:00.314732+00:00
ed3e64d4-8610-4169-9e31-6ff8172395ac,sante,mina,fr,Lanmégblé,,nom,,Malaise,,,,,courant,,Lanméglém,J'ai fait un malaise,,Victor ANATO,submitted,,,2026-01-22T18:14:13.613995+00:00,2026-01-22T18:14:13.613995+00:00
280f9e0e-be73-4f20-b910-abc63fa3f780,sante,mina,fr,Amédokoébouboudo,,nom,,Évanouissement,,,,,courant,,Éboudo édokoé,Il s'est évanoui,,Victor ANATO,submitted,,,2026-01-22T18:16:17.238478+00:00,2026-01-22T18:16:17.238478+00:00
586660e3-93fc-4794-9ac3-fe20022254da,sante,mina,fr,Abihohoun,,nom,,Infections,,,,,courant,,Abihohoun lé én'ounti,Il a une infection,,Victor ANATO,submitted,,,2026-01-22T18:25:31.81175+00:00,2026-01-22T18:25:31.81175+00:00
f1da300a-b7f4-4dc3-a9dc-f7870a9dda6c,sante,mina,fr,Gbôhin,,nom,,Asthme,,,,,courant,,Gôhin bé dô lé én'ounti,Il est asthmatique,,Victor ANATO,submitted,,,2026-01-22T18:27:54.278042+00:00,2026-01-22T18:27:54.278042+00:00
fda5b10c-a3fc-423e-b431-d7f7b9989781,sante,mina,fr,Énoudjéamédji,,nom,,Crise,,,,,courant,,Énoudjé novigné dji,Mon frère a fait une crise,,Victor ANATO,submitted,,,2026-01-22T18:30:41.792848+00:00,2026-01-22T18:30:41.792848+00:00
0fae188c-71e7-42e9-8b48-ba97c5ce2ce7,sante,mina,fr,Abi,,nom,,Plaie,,,,,courant,,Abi lé noutigné,J'ai une plaie,,Victor ANATO,submitted,,,2026-01-22T18:32:56.254531+00:00,2026-01-22T18:32:56.254531+00:00
29790b0b-8ed3-4d10-97c8-5f1ad5c5f7cc,sante,mina,fr,Yévidoga,,nom,,Crampes,,,,,courant,,Yévidoga afô nam,J'ai des crampes au pied,,Victor ANATO,submitted,,,2026-01-22T18:34:31.89292+00:00,2026-01-22T18:34:31.89292+00:00
4dd04067-a102-4d8d-8e5b-40b86ae4b86a,sante,mina,fr,Ehounkôkô,,nom,,Saignement,,,,,courant,,Ehounkôkô lé agnigban fié,Il y a su saignement parterre ici,,Victor ANATO,submitted,,,2026-01-22T18:40:36.23651+00:00,2026-01-22T18:40:36.23651+00:00
baaf825a-b2b0-497d-b0f7-70ad33a253aa,sante,mina,fr,Afôkoudjédjé,,nom,,Blessure,,,,,courant,,Kpôgnoédé né afôkoudjédjé,Fais attention à la blessure,,Victor ANATO,submitted,,,2026-01-22T23:19:53.137575+00:00,2026-01-22T23:19:53.137575+00:00
a6e94688-3c55-4c83-8dc0-723a9a8c0430,sante,mina,fr,Ehounkôkor,,nom,,Hémorragie,,,,,courant,,Ehounkôkor bédô lélé,Il souffre d'une hémorragie,,Victor ANATO,submitted,,,2026-01-22T23:24:21.55784+00:00,2026-01-22T23:24:21.55784+00:00
802c63b3-7bfb-436d-be23-379573d414e1,sante,mina,fr,Abikpa,,nom,,Cicatrice,,,,,courant,,Kpô yé b'abikpawo da,Regarde ses cicatrices,,Victor ANATO,submitted,,,2026-01-22T23:26:36.57375+00:00,2026-01-22T23:26:36.57375+00:00
9d3b1e46-2c58-45ec-bc0a-277a4654fd54,sante,mina,fr,Tintin,,nom,,Gonflement,,,,,courant,,Éta lé do tintin,La tête subit un gonflement,,Victor ANATO,submitted,,,2026-01-22T23:30:24.349177+00:00,2026-01-22T23:30:24.349177+00:00
dc949c3a-e854-46df-a22e-cedc7e9c2629,sante,mina,fr,Fiofiokpa,,nom,,Démangeaison,,,,,courant,,Fiofiokpa lé wom,J'ai la démangeaison,,Victor ANATO,submitted,,,2026-01-22T23:32:37.793674+00:00,2026-01-22T23:32:37.793674+00:00
f6abc0fc-9015-4219-9b35-b62d85e3cf8b,sante,mina,fr,N'tidroudrou,,nom,,Éruption cutanée,,,,,courant,,N'tidrou nam,J'ai une éruption cutanée,,Victor ANATO,submitted,,,2026-01-22T23:36:24.788237+00:00,2026-01-22T23:36:24.788237+00:00
8321919a-eeb2-4652-aa9b-873eaad0efd5,sante,mina,fr,Gnassou,,nom,,Bouton,,,,,courant,,Gnassou lé woè,Elle a des boutons,,Victor ANATO,submitted,,,2026-01-22T23:37:58.235379+00:00,2026-01-22T23:37:58.235379+00:00
4d6ceaf2-0055-423d-9738-b9b49d2665ce,sante,mina,fr,Noutintin,,nom,,Abcès,,,,,courant,,Noutintin lé én'ounti,Il a des abcès,,Victor ANATO,submitted,,,2026-01-22T23:40:33.27254+00:00,2026-01-22T23:40:33.27254+00:00
796426d0-fa7a-41b4-a675-09ebef847dfa,sante,mina,fr,Zossi,,nom,,Pus,,,,,courant,,Yébé noutintin awo do zossi,Ses abcès ont des pus,,Victor ANATO,submitted,,,2026-01-22T23:42:42.855912+00:00,2026-01-22T23:42:42.855912+00:00
7c911814-59f4-4bd9-968e-7329ef675e02,sante,mina,fr,Podomé vévé,,nom,,Douleur au ventre,,,,,courant,,Podomé le vém,J'ai des douleurs au ventre,,Victor ANATO,submitted,,,2026-01-22T23:50:01.542059+00:00,2026-01-22T23:50:01.542059+00:00
99996ecb-e2cf-48c4-8602-3d9b02206feb,sante,mina,fr,Édjimé vévé,,nom,,Douleur au dos,,,,,courant,,Élédo édjimé vévé,Il a des douleurs au dos,,Victor ANATO,submitted,,,2026-01-22T23:52:41.970398+00:00,2026-01-22T23:52:41.970398+00:00
a5c95e0f-312b-45e5-bfa0-da843548d65a,sante,mina,fr,Akôta vévé,,nom,,Douleur à la poitrine,,,,,courant,,Élédo Akôta vévé,Il a des douleurs à la poitrine,,Victor ANATO,submitted,,,2026-01-22T23:54:28.634682+00:00,2026-01-22T23:54:28.634682+00:00
8c573619-7295-4974-9217-3a4e9cd13444,sante,mina,fr,Ehlomé vévé,,nom,,Mal de gorge,,,,,courant,,Ehlomé le vém,J'ai le mal de gorge,,Victor ANATO,submitted,,,2026-01-22T23:57:11.973999+00:00,2026-01-22T23:57:11.973999+00:00
02a80c57-6221-4217-9146-c8fd719251e0,sante,mina,fr,N'hontimétou,,nom,,Nez bouché,,,,,courant,,N'hontimétou nam,J'ai le nez bouché,,Victor ANATO,submitted,,,2026-01-23T00:00:44.098739+00:00,2026-01-23T00:00:44.098739+00:00
6a149e5b-ab8d-454a-820f-011dc0a021b0,sante,mina,fr,Gningin,,nom,,Éternuement,,,,,courant,,Moussé gningnin,J'ai entendu un éternuement,,Victor ANATO,submitted,,,2026-01-23T00:02:47.902123+00:00,2026-01-23T00:02:47.902123+00:00
d751c0a6-53cf-40e8-a356-f3ab8d348114,sante,mina,fr,Adidovovobédô,,nom,,Diabète,,,,,courant,,Gné moulélé adidovovobédô o,Je n'ai pas le diabète,,Victor ANATO,submitted,,,2026-01-23T00:06:10.901118+00:00,2026-01-23T00:06:10.901118+00:00
b908ac03-2568-4cf0-9b7b-8461f27bb652,sante,mina,fr,Atikéssibédô,,nom,,Paludisme,,,,,courant,,Gnémou lélé atikéssibédô o,Je n'ai pas le paludisme,,Victor ANATO,submitted,,,2026-01-23T00:07:43.328441+00:00,2026-01-23T00:07:43.328441+00:00
c8fc19cc-18c1-487e-bc80-1266e92f60d7,sante,mina,fr,Zinzin,,nom,,Fracture,,,,,courant,,Edo zinzin lé afô,Il a une fracture au pied,,Victor ANATO,submitted,,,2026-01-23T00:11:18.183023+00:00,2026-01-23T00:11:18.183023+00:00
4115a4b4-4670-4ba3-b6ce-000d2b43d161,sante,mina,fr,Yômékpin,,nom,,Tuberculose,,,,,courant,,Yômékpin bédô wouna amé,La tuberculose est mortelle,,Victor ANATO,submitted,,,2026-01-23T00:13:10.219809+00:00,2026-01-23T00:13:10.219809+00:00
08c9112c-732c-4d39-886a-d2e19b648c3d,sante,mina,fr,Adidô,,nom,,Urine,,,,,courant,,Moulé dô adidô,J'urine,,Victor ANATO,submitted,,,2026-01-23T00:14:35.535922+00:00,2026-01-23T00:14:35.535922+00:00
46e2e137-64b9-4846-9707-f173df747c63,sante,mina,fr,Éhoun lé adidô mé,,nom,,Sang dans les urines,,,,,courant,,Éhoun lé adidô mé nin,Il a du sang dans ses urines,,Victor ANATO,submitted,,,2026-01-23T00:17:41.458402+00:00,2026-01-23T00:17:41.458402+00:00
5a585e14-9b95-47b9-9939-297674f82825,sante,mina,fr,Éfoufôfô,,nom,,Grossesse,,,,,courant,,Éfoufôfô va nin,Elle est tombée grosse,,Victor ANATO,submitted,,,2026-01-23T00:20:01.740389+00:00,2026-01-23T00:20:01.740389+00:00
570e0d74-0905-4781-be02-f0e87b15cf1d,sante,mina,fr,Évidjidji,,nom,,Accouchement,,,,,courant,,Moukpô évidjidji tépé,J'ai assisté à l'accouchement,,Victor ANATO,submitted,,,2026-01-23T00:23:27.087393+00:00,2026-01-23T00:23:27.087393+00:00
ad9c7d5d-47af-4326-a317-92b19df6ee5d,sante,mina,fr,Éfougingin,,nom,,Fausse couche,,,,,courant,,Ekpô éfougingin,Elle a eu fausse couche,,Victor ANATO,submitted,,,2026-01-23T00:26:12.7162+00:00,2026-01-23T00:26:12.7162+00:00
722c6213-b033-48db-8942-9b386d5fc12b,sante,mina,fr,Assidoagni,,nom,,Règles,,,,,courant,,Wétri yéyéa bé assidoagni,Les règles du nouveau mois,,Victor ANATO,submitted,,,2026-01-23T00:28:46.250958+00:00,2026-01-23T00:28:46.250958+00:00
2b2bdd9d-f153-4055-9a5b-f1382cc6bdf9,sante,mina,fr,Kofikoukou,,nom,,Préservatif,,,,,courant,,Mouzana kofikoukou,J'utilise le préservatif,,Victor ANATO,submitted,,,2026-01-23T00:30:40.995822+00:00,2026-01-23T00:30:40.995822+00:00
fc80adac-4481-4ec9-a06f-dce8949f5b2c,sante,mina,fr,Vidjidôlélé,,nom,,Contraception,,,,,courant,,Wow fiôna vidjidôlélé lé Souloulou,On enseigne la contraception à l'école,,Victor ANATO,submitted,,,2026-01-23T00:34:14.029469+00:00,2026-01-23T00:34:14.029469+00:00
39f060ef-b165-496a-86b0-46d7c47790b1,sante,mina,fr,Abuidodo,,nom,,Injection,,,,,courant,,Ehô abuidodo léka,Il a reçu une injection,,Victor ANATO,submitted,,,2026-01-23T00:37:20.631301+00:00,2026-01-23T00:37:20.631301+00:00
80a1fa5a-d8d2-4cf5-8bcc-e09f4d6789d4,sante,mina,fr,Atikédodo,,nom,,Perfusion,,,,,courant,,Dôkita wô atikédodo nam,Le docteur m'a fait une perfusion,,Victor ANATO,submitted,,,2026-01-23T00:39:49.468535+00:00,2026-01-23T00:39:49.468535+00:00
3b78e51f-7761-4567-b304-4a3cc011c2d8,sante,mina,fr,Atiké,,nom,,Médicament,,,,,courant,,Mouplé atiké amévé,J'ai acheté deux médicaments,,Victor ANATO,submitted,,,2026-01-23T00:41:20.570811+00:00,2026-01-23T00:41:20.570811+00:00
4d984ddd-25bb-4fa0-935a-36d95d721cac,sante,mina,fr,Atikékui,,nom,,Comprimé,,,,,courant,,Mouhô atikékui awo,J'ai reçu les comprimés,,Victor ANATO,submitted,,,2026-01-23T00:42:39.395971+00:00,2026-01-23T00:42:39.395971+00:00
bb1cdbb3-9f9b-4aa7-a1c8-91cdf98b64a2,sante,mina,fr,Atikéssitor,,nom,,Sirop,,,,,courant,,Moudina atikéssitor,Je préfère les sirops,,Victor ANATO,submitted,,,2026-01-23T00:44:43.02412+00:00,2026-01-23T00:44:43.02412+00:00
066b1b7e-72b0-44c7-8d69-4d1bd172ee28,sante,mina,fr,Abitiké,,nom,,Antibiotique,,,,,courant,,Je n'ai pas d'antibiotique,Abitiké moulé assignéo,,Victor ANATO,submitted,,,2026-01-23T00:45:58.178054+00:00,2026-01-23T00:45:58.178054+00:00
a06d661f-a3c7-4f8b-af69-9d39a48bfb05,sante,mina,fr,Atikégbanlè,,nom,,Ordonnance,,,,,courant,,Mouhô atikégbanlè a,J'ai reçu l'ordonnance,,Victor ANATO,submitted,,,2026-01-23T00:50:45.434729+00:00,2026-01-23T00:50:45.434729+00:00
3f4257fd-3d75-4200-ba1d-a4107d8401c2,sante,mina,fr,Noumékoukou,,nom,,Consultation,,,,,courant,,Ma vayi wô noumékoukou,Je m'en vais faire la consultation,,Victor ANATO,submitted,,,2026-01-23T00:52:30.677211+00:00,2026-01-23T00:52:30.677211+00:00
fc3b16fb-ab2c-4695-b9c4-70d90a88c3f8,sante,mina,fr,Dodokpô,,nom,,Examen,,,,,courant,,Mou dola wô dodokpô gné,Je dois faire mon examen,,Victor ANATO,submitted,,,2026-01-23T00:54:43.935992+00:00,2026-01-23T00:54:43.935992+00:00
5de7b5de-a0f3-4f1b-b70a-52be17ae38b3,sante,mina,fr,Zozohônou,,nom,,Thermomètre,,,,,courant,,Maplé zozohônou,Je vais acheter un thermomètre,,Victor ANATO,submitted,,,2026-01-23T00:56:10.75061+00:00,2026-01-23T00:56:10.75061+00:00
31a03907-92ed-46d4-8418-3ed8bc0fb07f,sante,mina,fr,Ehounmékpôkpô,,nom,,Analyse de sang,,,,,courant,,Mawô ehounmékpôkpô,Je vais faire l'analyse de sang,,Victor ANATO,submitted,,,2026-01-23T00:58:04.378564+00:00,2026-01-23T00:58:04.378564+00:00
fb9e3779-c557-45f3-9f1c-01a402190786,sante,mina,fr,Atikéssapé,,nom,,Pharmacie,,,,,courant,,Mouléyi atikéssapé,Je vais à la pharmacie,,Victor ANATO,submitted,,,2026-01-23T01:00:18.27644+00:00,2026-01-23T01:00:18.27644+00:00
2ccb4747-035a-49f8-ae44-223f3279ae87,sante,mina,fr,Kondjigan,,nom,,Hôpital,,,,,courant,,Miléyi kondjigan,Nous allons à l'hôpital,,Victor ANATO,submitted,,,2026-01-23T01:02:40.582369+00:00,2026-01-23T01:02:40.582369+00:00
0b7c20e9-d3d6-47c1-94eb-21ba5a5b6009,sante,mina,fr,Kondjivi,,nom,,Clinique,,,,,courant,,Wolétou kondjivi yéyé,Ils construisent une nouvelle clinique,,Victor ANATO,submitted,,,2026-01-23T01:04:36.556063+00:00,2026-01-23T01:04:36.556063+00:00
c46574af-ca55-4013-9b7b-c41c028855d7,sante,mina,fr,Dôkita,,nom,,Infirmier / infirmière,,,,,courant,,Mougni dôkita,Je suis infirmier,,Victor ANATO,submitted,,,2026-01-23T01:06:05.393803+00:00,2026-01-23T01:06:05.393803+00:00
139c43e2-8c4e-4f51-a6bc-ff50b6294909,sante,mina,fr,Dôkitagan,,nom,,Médecin,,,,,courant,,Dôkitagan mouvao,Le Médecin n'est pas arrivé,,Victor ANATO,submitted,,,2026-01-23T01:07:43.481517+00:00,2026-01-23T01:07:43.481517+00:00
0f5c4e3e-4c34-4ba9-847f-061cf8de8bf5,sante,mina,fr,Gbongintipo,,nom,,Essoufflement,,,,,courant,,Gbongintipo nin,Il a l'essoufflement,,Victor ANATO,submitted,,,2026-01-23T01:11:44.623921+00:00,2026-01-23T01:11:44.623921+00:00
51cac09f-d9e2-4853-9f71-f6398d914c72,sante,mina,fr,Ehounmassou,,nom,,Anémie,,,,,courant,,Édo ehounmassou,Il a l'anémie,,Victor ANATO,submitted,,,2026-01-23T01:14:02.682968+00:00,2026-01-23T01:14:02.682968+00:00
78029902-0fc6-47e9-aeb1-7115b329f5ff,sante,mina,fr,Amélékpô,,nom,,Palpitation,,,,,courant,,Mîwôna amélépkô,Nous faisons la palpitation,,Victor ANATO,submitted,,,2026-01-23T01:15:40.263465+00:00,2026-01-23T01:15:40.263465+00:00
2df06b47-8167-4131-89cf-f7170dd52351,sante,mina,fr,Assidoagni vévésséssé,,nom,,Douleur menstruelle,,,,,courant,,Edo assidoagni vévésséssé,Elle a les douleurs menstruelles,,Victor ANATO,submitted,,,2026-01-23T07:57:22.083547+00:00,2026-01-23T07:57:22.083547+00:00
68cc3901-64f4-44fd-a221-61af871f63fd,sante,mina,fr,Edôwôléamén'hounti,,nom,,Chirurgie,,,,,courant,,Éto édôwôléamén'hounti mé,Elle est a subi une chirurgie,,Victor ANATO,submitted,,,2026-01-23T17:05:02.200157+00:00,2026-01-23T17:05:02.200157+00:00
c29eba44-d597-4099-a551-da3dc6578346,sante,mina,fr,Edôwônamé,,nom,,Opération,,,,,courant,,Eto edôwônamé mé,Il a subi une opération,,Victor ANATO,submitted,,,2026-01-23T17:10:03.139595+00:00,2026-01-23T17:10:03.139595+00:00
b66c320c-6b19-45d2-88e4-80e8ea334a7c,sante,mina,fr,Améwouwou afan afan,,nom,,Anesthésie,,,,,courant,,Dôkita ya wôna améwouwou afan afan,Ce médecin fait l'anesthésie,,Victor ANATO,submitted,,,2026-01-23T17:12:26.35552+00:00,2026-01-23T17:12:26.35552+00:00
c25597e3-4c08-4512-8cad-886e92d2bd48,sante,mina,fr,Améfonfon dé agbé,,nom,,Réanimation,,,,,courant,,Éhian bé woawô améfonfon dé agbé,Il y a besoin de réanimation,,Victor ANATO,submitted,,,2026-01-23T17:15:48.29636+00:00,2026-01-23T17:15:48.29636+00:00
782c4b9b-2758-4e43-a529-891a50e925e9,sante,mina,fr,Kondjinonon,,nom,,Hospitalisation,,,,,courant,,Dôkita bé éhian kondjinonon,Le médecin dit qu'il faut une hospitalisation,,Victor ANATO,submitted,,,2026-01-23T17:19:28.68008+00:00,2026-01-23T17:19:28.68008+00:00
17db1b4d-4278-44f3-a4a9-c590cd6217a5,sante,mina,fr,Totossokondji,,nom,,Sortie de l'hôpital,,,,,courant,,O nawo totossokondji,On leur a accordé la sortie de l'hôpital,,Victor ANATO,submitted,,,2026-01-23T17:23:22.20183+00:00,2026-01-23T17:23:22.20183+00:00
92a47a9e-85e8-4acf-a774-61aaca0b0b5b,sante,mina,fr,Améhôhô,,nom,,Admission,,,,,courant,,Ehô yéb'améhôhô,Il a reçu son admission,,Victor ANATO,submitted,,,2026-01-23T17:26:01.634218+00:00,2026-01-23T17:26:01.634218+00:00
f7fa017c-2e1e-4901-b650-961fd6a50d37,sante,mina,fr,Ténôpé,,nom,,Salle d'attente,,,,,courant,,Milé ténôpé amé,Nous sommes dans la salle d'attente,,Victor ANATO,submitted,,,2026-01-23T17:28:32.066825+00:00,2026-01-23T17:28:32.066825+00:00
c523f002-be72-4d02-8249-eb380100a17b,sante,mina,fr,Kondji gamédodo,,nom,,Rendez-vous médical,,,,,courant,,Dôkita nami kondji gamédodo,Le docteur nous a donné un rendez-vous médical,,Victor ANATO,submitted,,,2026-01-23T17:34:54.1526+00:00,2026-01-23T17:34:54.1526+00:00
5731e905-e0de-4abb-a272-5df31139b775,sante,mina,fr,Kondjigbalè,,nom,,Dossier médical,,,,,courant,,Moutrokpô kondjigbalè gné,J'ai retrouvé mon dossier médical,,Victor ANATO,submitted,,,2026-01-23T17:39:07.784883+00:00,2026-01-23T17:39:07.784883+00:00
04d5218e-74ab-4ca5-b651-f062bef4b5e1,sante,mina,fr,Lanmésingbalè,,nom,,Carnet de santé,,,,,courant,,Mikpô kondjigbalè gné,Voici mon carnet de santé,,Victor ANATO,submitted,,,2026-01-23T17:41:19.656587+00:00,2026-01-23T17:41:19.656587+00:00
cef27e95-2532-4c4b-935d-ebe2cf28fbe9,sante,mina,fr,Éhoundédé,,nom,,Prise de sang,,,,,courant,,Miwô éhoundédé,Nous avons fait une prise de sang,,Victor ANATO,submitted,,,2026-01-23T17:45:29.276823+00:00,2026-01-23T17:45:29.276823+00:00
ad0015d6-ae16-48ba-8967-0e1f6e9d6bd4,sante,mina,fr,Noumékoukou bé doén'ti,,nom,,Résultats d'analyses,,,,,courant,,Moukpô noumékoukou bé doén'ti,J'ai les résultats d'analyses,,Victor ANATO,submitted,,,2026-01-23T17:48:20.569147+00:00,2026-01-23T17:48:20.569147+00:00
7c7f64a5-6c34-4419-b48d-e459dc29a722,sante,mina,fr,Amékouamédomé,,nom,,Mutuelle,,,,,courant,,Egna lé amékouamédomé,C'est une affaire mutuelle,,Victor ANATO,submitted,,,2026-01-23T17:51:27.540878+00:00,2026-01-23T17:51:27.540878+00:00
0e79787c-e474-40a4-aecb-3a8e42a5416e,sante,mina,fr,Lanmékpôkpô,,nom,,Radiographie,,,,,courant,,Mouwô lanmékpôkpô,J'ai fait la radiothérapie,,Victor ANATO,submitted,,,2026-01-23T17:56:52.133721+00:00,2026-01-23T17:56:52.133721+00:00
5ad8c924-775e-4a3d-9181-a9ce365a3377,sante,mina,fr,Vidjidômékpôkpô,,nom,,Échographie,,,,,courant,,Esrôn gbé wô vidjidômékpôkpô,Ma femme a fait l'échographie,,Victor ANATO,submitted,,,2026-01-23T18:01:36.150913+00:00,2026-01-23T18:01:36.150913+00:00
455e3198-037b-45a4-bef1-643d116b95f4,sante,mina,fr,Lanmédédékpô,,nom,,Scanner,,,,,courant,,Mido lawô lanmédédékpô,Nous devons faire le scanner,,Victor ANATO,submitted,,,2026-01-23T18:04:52.53981+00:00,2026-01-23T18:04:52.53981+00:00
58beb12b-126c-4438-abc7-8ecaad798d53,sante,mina,fr,Dodokpô kaba,,nom,,Test rapide,,,,,courant,,Mouwô dodokpô kaba,J'ai fait un test rapide,,Victor ANATO,submitted,,,2026-01-23T18:10:05.741006+00:00,2026-01-23T18:10:05.741006+00:00
a96cb9a7-443f-4eb6-a0ec-5e4d58f2bfe3,sante,mina,fr,Efoudodokpô,,nom,,Test de grossesse,,,,,courant,,O dola wô efoudodokpô,Tu dois faire un test de grossesse,,Victor ANATO,submitted,,,2026-01-23T18:11:31.115987+00:00,2026-01-23T18:11:31.115987+00:00
479142bb-4970-483b-8a5f-635c1eebc6e0,sante,mina,fr,Lanmédjrodjrokpô,,nom,,Lamnédjrodjrokpô,,,,,courant,,O wôna lanmédjrodjrokpô,Ils font le dépistage,,Victor ANATO,submitted,,,2026-01-23T18:15:48.814724+00:00,2026-01-23T18:15:48.814724+00:00
81eee7fe-c7ca-417a-9334-c8203398bd0b,sante,mina,fr,Edôdada,,nom,,Traitement,,,,,courant,,Édônon do la wô edôdada,Le malade doit suivre le traitement,,Victor ANATO,submitted,,,2026-01-23T18:18:42.09398+00:00,2026-01-23T18:18:42.09398+00:00
4397d82b-95b4-41d4-b43d-444069c82fc6,sante,mina,fr,Edôyôyor,,nom,,Guérison,,,,,courant,,Édônon hian édôyôyor,Le malade a besoin de guérison,,Victor ANATO,submitted,,,2026-01-23T18:20:14.825361+00:00,2026-01-23T18:20:14.825361+00:00
4fd2d645-03db-4f01-851a-64fea4fbe664,sante,mina,fr,Sinsin'oudédji,,nom,,Complication,,,,,courant,,Nônôméa lé sin'oudédji,La situation se complique,,Victor ANATO,submitted,,,2026-01-23T18:23:26.886602+00:00,2026-01-23T18:23:26.886602+00:00
ad28c66e-5b59-4c06-90b4-25e15389dad4,sante,mina,fr,Abibaba,,nom,,Infection contagieuse,,,,,courant,,Évayi hô abibaba,Elle a contracté une infection contagieuse,,Victor ANATO,submitted,,,2026-01-23T18:27:36.350414+00:00,2026-01-23T18:27:36.350414+00:00
70edb505-081f-46e3-b0b0-8b22274cab4c,sante,mina,fr,Édôhomama,,nom,,Contagion,,,,,courant,,Moúdjina édômama o,Il n'aime pas la contagion,,Victor ANATO,submitted,,,2026-01-23T18:31:42.264278+00:00,2026-01-23T18:31:42.264278+00:00
5e3118a0-dd0b-40d6-87de-4036b9d5da94,sante,mina,fr,Dédédoaga,,nom,,Isolement,,,,,courant,,Mou sô dônô sôdo dédédoaga,J'ai mis le malade en quarantaine,,Victor ANATO,submitted,,,2026-01-23T18:35:55.893731+00:00,2026-01-23T18:35:55.893731+00:00
a01e8c12-99a7-4368-a0de-904fd7718c4c,sante,mina,fr,Azôgénônon,,nom,,Isolement,,,,,courant,,Azôgénônon mougnon,L'isolement n'est pas bien,,Victor ANATO,submitted,,,2026-01-23T18:39:35.983912+00:00,2026-01-23T18:39:35.983912+00:00
bee38cfd-05f9-44ac-a5c6-25ce90d01ac4,sante,mina,fr,Édôlélé trôtrôva,,nom,,Rechute,,,,,courant,,Edôlélé woa trôva,Tu as fait une rechute,,Victor ANATO,submitted,,,2026-01-23T18:50:27.119381+00:00,2026-01-23T18:50:27.119381+00:00
5179df9b-609c-4196-8021-3a8ab27ca2f0,sante,mina,fr,Énoumadou,,nom,,Perte d'appétit,,,,,courant,,Énoumadou lé do nounou nam,J'ai la perte d'appétit,,Victor ANATO,submitted,,,2026-01-23T23:26:31.433591+00:00,2026-01-23T23:26:31.433591+00:00
8210f1eb-230d-488c-8f62-9bc0505dbab6,sante,mina,fr,N'tibia,,nom,,Rougeur,,,,,courant,,N'tibia nin,Il a la Rougeur,,Victor ANATO,submitted,,,2026-01-23T23:28:53.298569+00:00,2026-01-23T23:28:53.298569+00:00
8fe1a68b-ddca-4576-a49a-239bd5b426bc,sante,mina,fr,Zozo,,nom,,Brûlure de peau,,,,,courant,,Moulé dô zozo,Mon corps présente des brûlures,,Victor ANATO,submitted,,,2026-01-23T23:31:01.558687+00:00,2026-01-23T23:31:01.558687+00:00
c4ddba93-02ad-4f84-a70c-3da0d24be4aa,sante,mina,fr,Ehounvôlélanmé,,nom,,Anémie,,,,,courant,,Ehounvôlélanmé nin,Il a de l'anémie,,Victor ANATO,submitted,,,2026-01-23T23:34:29.380471+00:00,2026-01-23T23:34:29.380471+00:00
5df580a9-5de8-4410-a7cc-2bb793be201f,sante,mina,fr,Édômalébéabuidodo,,nom,,Vaccin,,,,,courant,,Moudo édômalébéabuidodo,J'ai pris le vaccin,,Victor ANATO,submitted,,,2026-01-23T23:36:49.443827+00:00,2026-01-23T23:36:49.443827+00:00
61af22a4-a48e-431d-805a-7df86f823119,sante,mina,fr,Assidoagni timgbé,,nom,,Retard de règles,,,,,courant,,Yébé assidoagni timgbé,Elle a un retard de règles,,Victor ANATO,submitted,,,2026-01-23T23:39:00.434878+00:00,2026-01-23T23:39:00.434878+00:00
3ab41f5c-e843-47cb-b7bc-70ee6da9c161,sante,mina,fr,Lanméhôhlon,,nom,,Contraction,,,,,courant,,Yébé lanméhlon,Ella une contraction,,Victor ANATO,submitted,,,2026-01-23T23:40:56.855295+00:00,2026-01-23T23:40:56.855295+00:00
c1c61289-37dc-476c-bbbd-8ad212215364,sante,mina,fr,Abiléadidôdôpé,,nom,,Infection urinaire,,,,,courant,,Abiléadidôdôpé nin,Il a l'infection urinaire,,Victor ANATO,submitted,,,2026-01-23T23:42:47.339536+00:00,2026-01-23T23:42:47.339536+00:00
60bcafa9-cc7b-4adb-abd3-7230466c9f7c,sante,mina,fr,Edôlélékpôkpô,,nom,,Diagnostic,,,,,courant,,Mou vayi wô edôlélékpôkpô,Je suis allé faire le diagnostic,,Victor ANATO,submitted,,,2026-01-23T23:46:59.667938+00:00,2026-01-23T23:46:59.667938+00:00
c57386f0-7534-406b-865c-43667f44156a,sante,mina,fr,Egbéméhaha,,nom,,Voix cassée,,,,,courant,,Nonvigné bé égbéméha,Mon frère a la voix cassée,,Victor ANATO,submitted,,,2026-01-24T00:15:39.459505+00:00,2026-01-24T00:15:39.459505+00:00
80c442b3-1694-454c-877b-d0f81f18cb3b,sante,mina,fr,Avivor sin'ou,,nom,,Fièvre élevée,,,,,courant,,Dévia bé avivor sin'ou,L'enfant a la fièvre élevée,,Victor ANATO,submitted,,,2026-01-24T12:56:34.202959+00:00,2026-01-24T12:56:34.202959+00:00
9fdee700-3752-4b69-976f-da94232db052,sante,mina,fr,Zozohôhô,,nom,,Température,,,,,courant,,Moudja hô zozo nin dévia,Je vais prendre la température de l'enfant,,Victor ANATO,submitted,,,2026-01-24T12:59:02.353543+00:00,2026-01-24T12:59:02.353543+00:00
9e3db503-f698-4f7e-9e9f-f96556c0ea4f,sante,mina,fr,Ékoudidi,,nom,,Perte de poids,,,,,courant,,Dévia dikou,L'enfant a perdu du poids,,Victor ANATO,submitted,,,2026-01-24T13:01:38.682092+00:00,2026-01-24T13:01:38.682092+00:00
0729f0d7-b9fb-4347-9a31-70115664330a,sante,mina,fr,Lanmékpôkpô,,nom,,Prise de poids,,,,,courant,,Moulé kpô lanmé,Je prends du poids,,Victor ANATO,submitted,,,2026-01-24T13:03:04.522058+00:00,2026-01-24T13:03:04.522058+00:00
f6086486-72bd-4cf4-a97a-7bff7294e7a1,sante,mina,fr,Lolobédô,,nom,,Obésité,,,,,courant,,Élélé lolobédô,Elle a l'obésité,,Victor ANATO,submitted,,,2026-01-24T13:05:51.309507+00:00,2026-01-24T13:05:51.309507+00:00
e058c676-748c-45b2-863d-1d0109ff1487,sante,mina,fr,Énoumadou gnoédé,,nom,,Malnutrition,,,,,courant,,Améké moudounanou gnoédéo,Quelqu'un qui a la malnutrition,,Victor ANATO,submitted,,,2026-01-24T13:08:56.5102+00:00,2026-01-24T13:08:56.5102+00:00
4089d1b9-ed93-48de-a69a-93ef183989b4,sante,mina,fr,Dikou,,nom,,Maigre,,,,,courant,,Édônôa dikou,Le malade est maigre,,Victor ANATO,submitted,,,2026-01-24T13:10:17.530704+00:00,2026-01-24T13:10:17.530704+00:00
a859b5ba-29d9-4ea7-b7bb-187eb4397d6d,sante,mina,fr,Vévésséssé vékouvékou,,nom,,Douleur chronique,,,,,courant,,Edo vévésséssé vékouvékou lé alimé,Il a les douleurs chroniques à la hanche,,Victor ANATO,submitted,,,2026-01-24T13:12:05.443118+00:00,2026-01-24T13:12:05.443118+00:00
a7331db3-c4a6-4ca6-987c-033988cb7c4b,sante,mina,fr,Gnôgnrondémé,,nom,,Dépression,,,,,courant,,Édo gnôgnrondémé,Il a la dépression,,Victor ANATO,submitted,,,2026-01-24T13:15:25.69269+00:00,2026-01-24T13:15:25.69269+00:00
4ccff863-a9c9-4074-a6f2-4e04a08e33e5,sante,mina,fr,Kantchantiti,,nom,,Rigidité,,,,,courant,,Gné moulôna kantchantiti o,Je n'aime pas la rigidité,,Victor ANATO,submitted,,,2026-01-24T13:19:53.214069+00:00,2026-01-24T13:19:53.214069+00:00
db1b6bc8-6d5c-4e3b-87bc-0b69c6f8df75,sante,mina,fr,Lanmévé,,nom,,Courbatures,,,,,courant,,Moulé do lanmévév,J'ai des courbatures,,Victor ANATO,submitted,,,2026-01-24T13:21:58.031291+00:00,2026-01-24T13:21:58.031291+00:00
6d290584-b132-4b92-90f5-b519f63209ea,sante,mina,fr,Édjimépouvévé,,nom,,Lombalgie,,,,,courant,,Édjimépou lé vém,J'ai la lombalgie,,Victor ANATO,submitted,,,2026-01-24T13:23:51.184702+00:00,2026-01-24T13:23:51.184702+00:00
ec68fac3-29f3-4784-8651-8e53622654f3,sante,mina,fr,Ékanmé,,nom,,Sciatique,,,,,courant,,Ékanmé bé vévé,Douleur sciatique,,Victor ANATO,submitted,,,2026-01-24T13:26:10.555276+00:00,2026-01-24T13:26:10.555276+00:00
61aa816f-68d0-4ac5-a87e-b944f90069da,sante,mina,fr,Tchapétchapé,,nom,,Arthrose,,,,,courant,,Vévésséssé lé tchapétchapé,Douleur d'arthrose,,Victor ANATO,submitted,,,2026-01-24T13:28:19.084773+00:00,2026-01-24T13:28:19.084773+00:00
e60677e1-52fa-4a8f-b32a-7b385a58233f,sante,mina,fr,Tchapétchapédô,,nom,,Arthrite,,,,,courant,,Elélé tchapétchapédô,Il a l'arthrite,,Victor ANATO,submitted,,,2026-01-24T13:30:46.103728+00:00,2026-01-24T13:30:46.103728+00:00
e4448536-9413-428a-8b73-a05659e9a1fa,sante,mina,fr,Kantchan non non,,nom,,Raideur,,,,,courant,,Gné moúdjina kantchan non non,Je n'aime pas la raideur,,Victor ANATO,submitted,,,2026-01-24T13:34:32.077498+00:00,2026-01-24T13:34:32.077498+00:00
308e9cfd-1a41-43fd-9bf2-64614f699b09,sante,mina,fr,Lantchivéamé,,nom,,Douleur musculaire,,,,,courant,,Lantchi gné lé vém,J'ai des douleurs musculaires,,Victor ANATO,submitted,,,2026-01-24T13:36:14.933766+00:00,2026-01-24T13:36:14.933766+00:00
845eb8d1-0ef9-4cfa-a6e3-e9aad9503e47,sante,mina,fr,Gbôhin ho namé,,nom,,Crise d'asthme,,,,,courant,,Gbôhin hona gnônouvia,La fille a fait une crise d'asthme,,Victor ANATO,submitted,,,2026-01-24T13:39:37.334032+00:00,2026-01-24T13:39:37.334032+00:00
abba1304-4587-4257-ae2d-7348d189649d,sante,mina,fr,Tchapétchapévévé,,nom,,Douleur articulaire,,,,,courant,,Tchapétchapé lé vém,J'ai des douleurs articulaires,,Victor ANATO,submitted,,,2026-01-24T13:41:32.653596+00:00,2026-01-24T13:41:32.653596+00:00
dbc9ab62-cec0-4924-a529-5af2a5314ef4,sante,mina,fr,Gbondokpo,,nom,,Difficulté respiratoire,,,,,courant,,Moulé gbondokpo,J'ai les difficultés respiratoires,,Victor ANATO,submitted,,,2026-01-24T13:47:35.219911+00:00,2026-01-24T13:47:35.219911+00:00
7bb5bb43-5099-46c3-b126-c3b6558c5a6c,sante,mina,fr,Gbongbon hin hin,,nom,,Sifflement respiratoire,,,,,courant,,Élé gbon hin hin,Elle a des sifflements respiratoires,,Victor ANATO,submitted,,,2026-01-24T13:49:47.177988+00:00,2026-01-24T13:49:47.177988+00:00
16cc30da-6423-420c-9c65-728ef96819a8,sante,mina,fr,Egbéméblabla,,nom,,Enrouement,,,,,courant,,Egbémébla nam,Je suis enroué,,Victor ANATO,submitted,,,2026-01-24T13:54:45.155028+00:00,2026-01-24T13:54:45.155028+00:00
3692d9ef-e8e1-44ce-8a0f-3b6b1c5c659e,sante,mina,fr,Fifiokpa,,nom,,Bouton de fièvre,,,,,courant,,Fifiokpa lé wôm,J'ai les douleurs de fièvre,,Victor ANATO,submitted,,,2026-01-24T14:03:31.406806+00:00,2026-01-24T14:03:31.406806+00:00
5a5e9363-3e8b-4ae5-a74c-d7ca1bccd810,sante,mina,fr,Akpaklui,,nom,,Mycose,,,,,courant,,Élélé akpaklui,Il a la mycose,,Victor ANATO,submitted,,,2026-01-24T14:06:54.604815+00:00,2026-01-24T14:06:54.604815+00:00
2f33d3ab-3172-4741-a32c-629c1e377881,sante,mina,fr,Aflibata,,nom,,Gale,,,,,courant,,Aflibata woè,Il a la Gale,,Victor ANATO,submitted,,,2026-01-24T14:09:53.191289+00:00,2026-01-24T14:09:53.191289+00:00
7e1c1e19-e0e7-49fc-9f55-9b979f22edf9,sante,mina,fr,Kloussakloussa,,nom,,Urticaire,,,,,courant,,Élé kloussakloussa,Il a attrapé l'urticaire,,Victor ANATO,submitted,,,2026-01-24T14:14:49.917041+00:00,2026-01-24T14:14:49.917041+00:00
ddfacdf8-cb5a-4dda-924f-35a01b28459f,sante,mina,fr,N'dôkoussou mé amé,,nom,,Brûlure de soleil,,,,,courant,,N'dôkoussou mé dadagné,Ma sœur a les brûlures de soleil,,Victor ANATO,submitted,,,2026-01-24T14:16:47.788474+00:00,2026-01-24T14:16:47.788474+00:00
a91443a5-498a-4198-8037-2107457ff44d,sante,mina,fr,N'dôkoussou po amé,,nom,,Coup de soleil,,,,,courant,,N'dôkoussou po nonvigné,Mon frère a des coups de soleil,,Victor ANATO,submitted,,,2026-01-24T14:18:10.112834+00:00,2026-01-24T14:18:10.112834+00:00
c5b4dad7-f225-41fe-992e-524c633ad090,sante,mina,fr,Lantchi zinzin,,nom,,Déchirure musculaire,,,,,courant,,Mou do lantchi zinzin,J'ai des déchirures musculaires,,Victor ANATO,submitted,,,2026-01-24T14:19:47.066314+00:00,2026-01-24T14:19:47.066314+00:00
52e2ba3d-9fd4-4019-9ebe-e43c2c344ae6,sante,mina,fr,Ehoungo,,nom,,Hématome,,,,,courant,,Wokpô éhoungo a,Ils ont retrouvé l'hématome,,Victor ANATO,submitted,,,2026-01-24T14:27:44.617099+00:00,2026-01-24T14:27:44.617099+00:00
2c3bdba7-3c85-467d-9e5a-020bb4df537e,sante,mina,fr,Ehoundodo,,nom,,Bleu (Ecchymose),,,,,courant,,N'koumé dohoun nin,Il a un bleu au visage,,Victor ANATO,submitted,,,2026-01-24T14:34:12.161672+00:00,2026-01-24T14:34:12.161672+00:00
177aa1e2-89e6-4413-a821-6fd90c8c2d12,sante,mina,fr,Moudogbé,,nom,,Bonjour,,,,,courant,,Moudogbé nami,Bonjour à vous,,Fouss,submitted,,,2026-01-24T18:45:09.862838+00:00,2026-01-24T18:45:09.862838+00:00
68f11815-ddd5-4966-a666-77928e01a9ff,sante,mina,fr,Lanmébéabiwo,,nom,,Sepsis,,,,,courant,,Edo lanmébéabiwo,Il a le sepsis,,Victor ANATO,submitted,,,2026-01-25T08:21:58.434092+00:00,2026-01-25T08:21:58.434092+00:00
a0c1b5e6-7bb7-4363-ac3e-355aceca9aaa,sante,mina,fr,Noudoudou djè adômédji namé,,nom,,Intoxication alimentaire,,,,,courant,,Noudoudou djè adômédji na nonvigné,Mon frère souffre d'une intoxication alimentaire,,Victor ANATO,submitted,,,2026-01-25T08:27:08.026873+00:00,2026-01-25T08:27:08.026873+00:00
cfd824d6-e2bf-42a5-8d44-4a35dffbad5a,sante,mina,fr,Enoudodo noudoudoumé namé,,nom,,Empoisonnement,,,,,courant,,Enoudodo noudoudoumé namé mougnon,L'empoisonnement n'est pas commode,,Victor ANATO,submitted,,,2026-01-25T08:30:07.026399+00:00,2026-01-25T08:30:07.026399+00:00
f60ce9d8-1628-486a-9334-2b301672872e,sante,mina,fr,Noudoudou madjé édji namé,,nom,,Allergie alimentaire,,,,,courant,,Noudoudou déwo moudjéna édji na nonvignéo,Ma sœur a des allergies alimentaires,,Victor ANATO,submitted,,,2026-01-25T08:32:23.740656+00:00,2026-01-25T08:32:23.740656+00:00
d2a6f036-6649-45dd-9952-86c7f2a7747f,sante,mina,fr,Lanmégbôdjôgbôdjor,,nom,,Asthénie,,,,,courant,,Lanmégbôdjô nam kékém,J'ai l'asthénie,,Victor ANATO,submitted,,,2026-01-25T08:35:59.964971+00:00,2026-01-25T08:35:59.964971+00:00
748fb132-2a71-446d-ad16-348010dbc61f,sante,mina,fr,Alondondon,,nom,,Sommeil,,,,,courant,,Alon lé sôm,J'ai sommeil,,Victor ANATO,submitted,,,2026-01-25T08:38:40.657027+00:00,2026-01-25T08:38:40.657027+00:00
9a06fc77-a909-47d6-8b10-d3b54e9b1415,sante,mina,fr,Alondondon yi éméda,,nom,,Sommeil profond,,,,,courant,,Mou don alon yo éméda,J'ai eu un sommeil profond,,Victor ANATO,submitted,,,2026-01-25T08:40:27.397292+00:00,2026-01-25T08:40:27.397292+00:00
68251b7f-42fc-4d9c-a5f4-0915f7c542ad,sante,mina,fr,Fonfon lé ézandomé,,nom,,Réveil nocturne,,,,,courant,,Mi fon lé ézandomé,Nous avons eu un réveil nocturne,,Victor ANATO,submitted,,,2026-01-25T08:42:52.903506+00:00,2026-01-25T08:42:52.903506+00:00
31f52299-eb25-414a-83f6-9eba85594035,sante,mina,fr,Edrouin bada,,nom,,Cauchemar,,,,,courant,,Mou kou edrouin bada,J'ai fait un cauchemar,,Victor ANATO,submitted,,,2026-01-25T08:45:32.479919+00:00,2026-01-25T08:45:32.479919+00:00
133279fe-5c28-422b-9112-cccd929dbd35,sante,mina,fr,Dévi bé zozododo,,nom,,Fièvre chez l'enfant,,,,,courant,,Midodjéssi dévia bé zozododo,Nous avons remarqué une fièvre chez l'enfant,,Victor ANATO,submitted,,,2026-01-25T08:48:00.902384+00:00,2026-01-25T08:48:00.902384+00:00
488b032d-969f-4a81-8911-dee5babcdd2d,sante,mina,fr,Evifin,,nom,,Bébé,,,,,courant,,Esrongné dji évifin,Ma femme a donné naissance à un bébé,,Victor ANATO,submitted,,,2026-01-25T08:51:15.23048+00:00,2026-01-25T08:51:15.23048+00:00
93ad91dd-5b79-4423-b812-ae1c0b5ce85b,sante,mina,fr,Dévi bé adôméssasra,,nom,,Diarrhée chez l'enfant,,,,,courant,,Dévia lé sra adômé,L'enfant fait la diarrhée,,Victor ANATO,submitted,,,2026-01-25T08:53:15.378627+00:00,2026-01-25T08:53:15.378627+00:00
c46ce0cb-86ea-465b-8cd9-fa0ff2ef59db,sante,mina,fr,Ehlomé pupu kplaklpa,,nom,,Déshydratation sévère,,,,,courant,,Ehlomé pu nam kplaklpa,J'ai une déshydratation sévère,,Victor ANATO,submitted,,,2026-01-25T08:56:15.345309+00:00,2026-01-25T08:56:15.345309+00:00
0293df28-d168-49c7-927c-bf3c3bc88782,sante,mina,fr,Nougodo,,nom,,Selles,,,,,courant,,Dévi bé nougodo,Les selles de l'enfant,,Victor ANATO,submitted,,,2026-01-25T08:58:46.733388+00:00,2026-01-25T08:58:46.733388+00:00
36706dc9-1a43-4f9a-b9b0-39d5201d0540,sante,mina,fr,Adidô dôdô,,nom,,Uriner,,,,,courant,,Moulé dô adidô,J'urine,,Victor ANATO,submitted,,,2026-01-25T09:00:02.276836+00:00,2026-01-25T09:00:02.276836+00:00
3cfa5734-cca3-40e6-aca7-e9f38d630824,sante,mina,fr,Adidô dôdô bé édjiyiyi,,nom,,Fréquence urinaire,,,,,courant,,Dévia do adidô dôdô bé édjiyiyi gnoé,L'enfant a une bonne fréquence urinaire,,Victor ANATO,submitted,,,2026-01-25T09:03:09.720834+00:00,2026-01-25T09:03:09.720834+00:00
91453756-ac00-4d68-ac4c-f07c07885530,sante,mina,fr,Atamé hôzo,,nom,,Brûlure intime,,,,,courant,,Amaté hôzo nam,J'ai des brûlures intimes,,Victor ANATO,submitted,,,2026-01-25T09:14:23.337406+00:00,2026-01-25T09:14:23.337406+00:00
f558368d-6dda-42d4-922e-00bcc50dbaba,sante,mina,fr,Atamé fiôamé,,nom,,Démangeaison intime,,,,,courant,,Atamé lé fiôm,J'ai des démangeaisons intimes,,Victor ANATO,submitted,,,2026-01-25T09:15:38.575537+00:00,2026-01-25T09:15:38.575537+00:00
86080368-ea73-40bc-8c91-8d56b8480846,sante,mina,fr,An'honmé douamé,,nom,,Douleur pelvienne,,,,,courant,,An'honmé lé doui,Ella des douleurs pelviennes,,Victor ANATO,submitted,,,2026-01-25T09:18:57.599531+00:00,2026-01-25T09:18:57.599531+00:00
7e51d2a1-913a-44cf-9f73-2213fd050e06,sante,mina,fr,Anon bé vévésséssé,,nom,,Seins douloureux,,,,,courant,,Élé do anon bé vévésséssé,Elle a les seins douloureux,,Victor ANATO,submitted,,,2026-01-25T09:49:31.656569+00:00,2026-01-25T09:49:31.656569+00:00
83271f4c-3c2b-4fc2-840c-17d0af474187,sante,mina,fr,Anon nana,,nom,,Allaitement,,,,,courant,,Dévia kpôtô lé Anon non non bé gamé,L'enfant est toujours sous allaitement,,Victor ANATO,submitted,,,2026-01-25T09:52:22.675164+00:00,2026-01-25T09:52:22.675164+00:00
b689390e-7b83-4e37-bb89-437f976d0dab,sante,mina,fr,Anon sosso,,nom,,Sevrage,,,,,courant,,Dévia do anon sosso bé épé,L'enfant a atteint l'âge pour le sevrage,,Victor ANATO,submitted,,,2026-01-25T09:54:33.991577+00:00,2026-01-25T09:54:33.991577+00:00
435992bf-31df-4e6b-9e67-6f0bf68c0703,sante,mina,fr,Viejidô blanou,,nom,,Contraceptif,,,,,courant,,Vidjidô blanou yé bé gni,C'est contraceptif,,Victor ANATO,submitted,,,2026-01-25T09:56:15.678672+00:00,2026-01-25T09:56:15.678672+00:00
ae649f03-f59e-45a8-9dab-ecf19373c2d6,sante,mina,fr,Évimadji,,nom,,Stérilité,,,,,courant,,Mi lé po noupo so évimadji n'houti,Nous parlons de la stérilité,,Victor ANATO,submitted,,,2026-01-25T09:59:46.890399+00:00,2026-01-25T09:59:46.890399+00:00
59ca4eec-4463-4ef4-863a-18ba76afb392,sante,mina,fr,Éhoun kôkô lé gnônou mé,,nom,,Saignement vaginal,,,,,courant,,Gnônouvia lé lé éhoun kôkô lé gnônoumé,La fille a du saignement vaginal,,Victor ANATO,submitted,,,2026-01-25T10:06:02.788125+00:00,2026-01-25T10:06:02.788125+00:00
5db7f1de-3efa-4572-acaa-156a69bf12d4,sante,mina,fr,Essihé gingin lé gnônoumé,,nom,,Pertes blanches,,,,,courant,,Essihé lé kô lé gnônoumé nin,Elle a des pertes blanches,,Victor ANATO,submitted,,,2026-01-25T10:08:53.354407+00:00,2026-01-25T10:08:53.354407+00:00
f186e4b5-4654-42f7-a971-6f960006b80d,sante,mina,fr,Évidjidji dodoté,,nom,,Ménopause,,,,,courant,,Énongné kpô évidjidji dodoté,Ma mère a la menaupose,,Victor ANATO,submitted,,,2026-01-25T10:11:01.755737+00:00,2026-01-25T10:11:01.755737+00:00
14882b82-d2bb-406d-be43-0edded02390b,sante,mina,fr,Dôkia gnônou évidjila,,nom,,Sage-femme,,,,,courant,,Mi va yi kpô dôkita gnônou évidjila,Nous sommes allés voir la sage-femme,,Victor ANATO,submitted,,,2026-01-25T10:12:42.733073+00:00,2026-01-25T10:12:42.733073+00:00
1bf37c6f-c2db-413c-988a-c4b25e44cae8,sante,mina,fr,Déviwo kondji,,nom,,Pédiatrie,,,,,courant,,Mi lé yi dévio kondji,Nous allons à la pédiatrie,,Victor ANATO,submitted,,,2026-01-25T10:15:04.334032+00:00,2026-01-25T10:15:04.334032+00:00
c19d6ec5-c613-420b-ae3d-c76239b94ef0,sante,mina,fr,Atikémimi,,nom,,Pilule,,,,,courant,,Mou va yi plé atikémimi,Je suis allé acheter une pilule,,Victor ANATO,submitted,,,2026-01-25T10:17:13.90332+00:00,2026-01-25T10:17:13.90332+00:00